GAER730906MVZSHC05,ENCUBRIMIENTO,INHABILITADO
PUDD930927MVZG N02,COMETER O TOLERAR CONDUCTAS DE ACOSO SEXUAL,SANCIÓN ECONÓMICA
RAQR910021MAGMRM06,INCUMPLIMIENTO EN DECLARACION DE SITUACION PATRIMONIAL,OTRO
HOAC711119HVZLDS08,COMETER O TOLERAR CONDUCTAS DE ACOSO SEXUAL,INHABILITADO
GAER730906MVZSHC05,OTRO,MULTADO
CHCS890104HVZHLF07,ENCUBRIMIENTO,OTRO
ZARM781120HVZMDR01,ENCUBRIMIENTO,"SUSPENSION DE EMPLEO, CARGO O COMISION"
ALKA781009HSNNRT03,ABUSO DE AUTORIDAD,MULTADO
DESJ840726HDFLLS05,ENRIQUECIMIENTO OCULTO U OCULTAMIENTO DE CONFLICTO DE INTERÉS,INDEMNIZACIÓN RESARCITORIA
FLQE980507HPULNS05,OBSTRUCCIÓN DE LA JUSTICIA,MULTADO
ARCR840820MVZRHQ02,UTILIZACIÓN INDEBIDA DE INFORMACIÓN,INHABILITADO
RIAM720324MAGVRN09,ACTUACIÓN BAJO CONFLICTO DE INTERÉS,INHABILITADO
XERK760626HSNNSV08,DESVÍO DE RECURSOS PÚBLICOS,INDEMNIZACIÓN RESARCITORIA
NAHM720315MPUVRN05,ENRIQUECIMIENTO OCULTO U OCULTAMIENTO DE CONFLICTO DE INTERÉS,MULTADO
CAPI760720MSNRBB01,EJERCICIO INDEBIDO DE SUS FUNCIONES EN MATERIA MIGRATORIA,DESTITUCION DEL EMPLEO CARGO O COMISION
CAAR810520HSNLNN04,OTRO,"SUSPENSION DE EMPLEO, CARGO O COMISION"
CAQJ720205HPURNR09,OBSTRUCCIÓN DE LA JUSTICIA,SANCIÓN ECONÓMICA
CEVR911109MDFJLQ07,VIOLACION PROCEDIMIENTOS DE CONTRATACION,OTRO
COVO911006HDFLGT07,DELITO COMETIDO POR SERVIDORES PUBLICOS,OTRO
MAXJ700527HVZRCM05,CONTRATACIÓN INDEBIDA,MULTADO
RAQR910021MAGMRM06,ACTO DE CORRUPCIÓN,SANCIÓN ECONÓMICA
BLCM920904MSNLRN07,ADMINISTRATIVA NO GRAVE,OTRO
RAQR910021MAGMRM06,COMETER O TOLERAR CONDUCTAS DE ACOSO SEXUAL,SANCIÓN ECONÓMICA
REVG860127MDFYCL01,ENCUBRIMIENTO,DESTITUCION DEL EMPLEO CARGO O COMISION
VICJ950414MVZLRS02,ACTO DE CORRUPCIÓN,INDEMNIZACIÓN RESARCITORIA
SACA770510MPUCRL02,INCUMPLIMIENTO EN DECLARACION DE SITUACION PATRIMONIAL,INHABILITADO
SARM820218MVZMMR05,OBSTRUCCIÓN DE LA JUSTICIA,"SUSPENSION DE EMPLEO, CARGO O COMISION"
CEMJ940724MPUDRS02,EJERCICIO INDEBIDO DE SUS FUNCIONES EN MATERIA MIGRATORIA,"SUSPENSION DE EMPLEO, CARGO O COMISION"
SEMD870511MAGPNG02,ADMINISTRATIVA NO GRAVE,INDEMNIZACIÓN RESARCITORIA
KOSA741015HSNRVB03,ENCUBRIMIENTO,"SUSPENSION DE EMPLEO, CARGO O COMISION"
VAGÁ921123HAGLRG05,NEGLIGENCIA ADMINISTRATIVA,"SUSPENSION DE EMPLEO, CARGO O COMISION"
CEVR911109MDFJLQ07,ENRIQUECIMIENTO OCULTO U OCULTAMIENTO DE CONFLICTO DE INTERÉS,"SUSPENSION DE EMPLEO, CARGO O COMISION"
CURX940907MDFLCC02,TRÁFICO DE INFLUENCIAS,SANCIÓN ECONÓMICA
SARM820218MVZMMR05,COMETER O TOLERAR CONDUCTAS DE ACOSO SEXUAL,MULTADO
CESM770506MPURNN05,ABUSO DE AUTORIDAD,INDEMNIZACIÓN RESARCITORIA
KAGS730013HDFRRN02,ADMINISTRATIVA GRAVE,DESTITUCION DEL EMPLEO CARGO O COMISION
SAVN940026HSNNLC08,ACTO DE CORRUPCIÓN,INHABILITADO
TACA790119MSNFSF03,VIOLACION PROCEDIMIENTOS DE CONTRATACION,INDEMNIZACIÓN RESARCITORIA
XERK760626HSNNSV08,COMETER O TOLERAR CONDUCTAS DE HOSTIGAMIENTO SEXUAL,OTRO
RORF980919MAGSVR02,DELITO COMETIDO POR SERVIDORES PUBLICOS,DESTITUCION DEL EMPLEO CARGO O COMISION
GUME840611HSNRDM07,NEGLIGENCIA ADMINISTRATIVA,"SUSPENSION DE EMPLEO, CARGO O COMISION"
PUDD930927MVZG N02,VIOLACION PROCEDIMIENTOS DE CONTRATACION,SANCIÓN ECONÓMICA
SEMD870511MAGPNG02,ACTO DE CORRUPCIÓN,MULTADO
COBA791106MAGLT 02,ACTO DE CORRUPCIÓN,OTRO
APAX940416MVZRCM03,INCUMPLIMIENTO EN DECLARACION DE SITUACION PATRIMONIAL,MULTADO
OJSD970816MSNDNN07,EJERCICIO INDEBIDO DE SUS FUNCIONES EN MATERIA MIGRATORIA,MULTADO
CEMJ940724MPUDRS02,COMETER O TOLERAR CONDUCTAS DE ACOSO SEXUAL,DESTITUCION DEL EMPLEO CARGO O COMISION
KASE740314HPURNL06,ACTO DE CORRUPCIÓN,SANCIÓN ECONÓMICA
LEAM790120MDFVCN06,COMETER O TOLERAR CONDUCTAS DE HOSTIGAMIENTO SEXUAL,MULTADO
BAOR860202HDFHNB02,TRÁFICO DE INFLUENCIAS,INHABILITADO
KUAE770419MAGZVS04,ENCUBRIMIENTO,INHABILITADO
MEMA890527HPUNRN09,ACTUACIÓN BAJO CONFLICTO DE INTERÉS,INHABILITADO
ALCA700025HAGCL 09,ADMINISTRATIVA GRAVE,DESTITUCION DEL EMPLEO CARGO O COMISION
ALSM770603HPUCGR08,ACTO DE CORRUPCIÓN,"SUSPENSION DE EMPLEO, CARGO O COMISION"
NEUG730316MSNVSL06,INCUMPLIMIENTO EN DECLARACION DE SITUACION PATRIMONIAL,"SUSPENSION DE EMPLEO, CARGO O COMISION"
TITL850607MDFJLR04,ACTUACIÓN BAJO CONFLICTO DE INTERÉS,SANCIÓN ECONÓMICA
LAAÁ700715HSNRVG08,OBSTRUCCIÓN DE LA JUSTICIA,MULTADO
KOSA741015HSNRVB03,DELITO COMETIDO POR SERVIDORES PUBLICOS,SANCIÓN ECONÓMICA
NIGM950009HPUÑRR07,COMETER O TOLERAR CONDUCTAS DE HOSTIGAMIENTO SEXUAL,SANCIÓN ECONÓMICA
BABM780918MVZRNT01,COHECHO O EXTORSION,OTRO
TITL850607MDFJLR04,ENRIQUECIMIENTO OCULTO U OCULTAMIENTO DE CONFLICTO DE INTERÉS,DESTITUCION DEL EMPLEO CARGO O COMISION
ALPE881010MPUCRS04,DESVÍO DE RECURSOS PÚBLICOS,OTRO
XITF811001MPUNRL07,VIOLACIÓN A LOS DERECHOS HUMANOS,OTRO
ESAJ790116MDFPGR06,EJERCICIO INDEBIDO DE SUS FUNCIONES EN MATERIA MIGRATORIA,INHABILITADO
FLMM740113MDFLRR02,DESVÍO DE RECURSOS PÚBLICOS,SANCIÓN ECONÓMICA
LOGM770102MVZMDN01,CONTRATACIÓN INDEBIDA,INHABILITADO
LEAM790120MDFVCN06,ADMINISTRATIVA NO GRAVE,INDEMNIZACIÓN RESARCITORIA
KAGS730013HDFRRN02,CONTRATACIÓN INDEBIDA,"SUSPENSION DE EMPLEO, CARGO O COMISION"
NAHM720315MPUVRN05,ABUSO DE AUTORIDAD,INHABILITADO
CAAR810520HSNLNN04,PECULADO,DESTITUCION DEL EMPLEO CARGO O COMISION
CEVR911109MDFJLQ07,VIOLACION PROCEDIMIENTOS DE CONTRATACION,"SUSPENSION DE EMPLEO, CARGO O COMISION"
ARZL960312HDFMMZ06,OTRO,SANCIÓN ECONÓMICA
TAKV710225HVZFDR01,ENRIQUECIMIENTO OCULTO U OCULTAMIENTO DE CONFLICTO DE INTERÉS,OTRO
AGGJ870513MDFLRS09,ENRIQUECIMIENTO OCULTO U OCULTAMIENTO DE CONFLICTO DE INTERÉS,MULTADO
ROGC860107MDFSLL05,ABUSO DE FUNCIONES,MULTADO
URFP720709MDFBNT09,DELITO COMETIDO POR SERVIDORES PUBLICOS,INHABILITADO
ALGM860901MAGMLX06,VIOLACION PROCEDIMIENTOS DE CONTRATACION,SANCIÓN ECONÓMICA
SECA790614MDFVRT07,NEGLIGENCIA ADMINISTRATIVA,INDEMNIZACIÓN RESARCITORIA
LASL890712MPUBLL04,ABUSO DE FUNCIONES,DESTITUCION DEL EMPLEO CARGO O COMISION
DEGC830301HSN TR09,DESACATO,SANCIÓN ECONÓMICA
SOUA820413MVZTSR02,DELITO COMETIDO POR SERVIDORES PUBLICOS,DESTITUCION DEL EMPLEO CARGO O COMISION
ROFV780312MDFQLC09,DESACATO,INHABILITADO
MECJ980403MDFLLR01,ENCUBRIMIENTO,MULTADO
RULD720108MVZLRN04,COMETER O TOLERAR CONDUCTAS DE ACOSO SEXUAL,DESTITUCION DEL EMPLEO CARGO O COMISION
SAMM700926HAGLRT06,ACTUACIÓN BAJO CONFLICTO DE INTERÉS,INHABILITADO
TAAA870604MVZMRC05,EJERCICIO INDEBIDO DE SUS FUNCIONES EN MATERIA MIGRATORIA,SANCIÓN ECONÓMICA
ORGF790217HAGLJR07,COMETER O TOLERAR CONDUCTAS DE HOSTIGAMIENTO SEXUAL,OTRO
GALE741013MVZRMS05,INCUMPLIMIENTO EN DECLARACION DE SITUACION PATRIMONIAL,"SUSPENSION DE EMPLEO, CARGO O COMISION"
PEMC780319HSNRRR05,OTRO,OTRO
FEEA880212HAGRCD01,ABUSO DE FUNCIONES,OTRO
ZAMM860006MPUMDR01,CONTRATACIÓN INDEBIDA,INHABILITADO
CALI740527MVZNRN09,ADMINISTRATIVA NO GRAVE,MULTADO
ESMR800108MSNTSM07,ENRIQUECIMIENTO OCULTO U OCULTAMIENTO DE CONFLICTO DE INTERÉS,SANCIÓN ECONÓMICA
REQD790023HSNNRG06,ABUSO DE AUTORIDAD,DESTITUCION DEL EMPLEO CARGO O COMISION
MEUE810115MSNNÑS04,COMETER O TOLERAR CONDUCTAS DE ACOSO SEXUAL,"SUSPENSION DE EMPLEO, CARGO O COMISION"
MASL870819HSNTNZ06,ABUSO DE AUTORIDAD,DESTITUCION DEL EMPLEO CARGO O COMISION
ZAAN730021MPUMLR04,TRÁFICO DE INFLUENCIAS,SANCIÓN ECONÓMICA
MUZC810627MDFÑPR02,ADMINISTRATIVA GRAVE,"SUSPENSION DE EMPLEO, CARGO O COMISION"
MOZP701013MSNLPT09,ENRIQUECIMIENTO OCULTO U OCULTAMIENTO DE CONFLICTO DE INTERÉS,"SUSPENSION DE EMPLEO, CARGO O COMISION"
PAKE880908HSNZNM02,VIOLACION LEYES Y NORMATIVIDAD PRESUPUESTAL,DESTITUCION DEL EMPLEO CARGO O COMISION
GRGA771103MVZRRC05,OTRO,"SUSPENSION DE EMPLEO, CARGO O COMISION"
CAAE810925HAGBVL07,INCUMPLIMIENTO EN DECLARACION DE SITUACION PATRIMONIAL,INDEMNIZACIÓN RESARCITORIA
POFP810406HSNNRT05,ENCUBRIMIENTO,MULTADO
ROGM830506MDFCTL09,PECULADO,INDEMNIZACIÓN RESARCITORIA
ORKA830105HSNLRN05,ABUSO DE FUNCIONES,MULTADO
HUML830820MAGRRL05,ACTUACIÓN BAJO CONFLICTO DE INTERÉS,"SUSPENSION DE EMPLEO, CARGO O COMISION"
RARH701110HVZLSM09,ABUSO DE AUTORIDAD,OTRO
VACÁ830821HPUNVG07,VIOLACIÓN A LOS DERECHOS HUMANOS,SANCIÓN ECONÓMICA
RADR831104HAGM G09,ACTO DE CORRUPCIÓN,"SUSPENSION DE EMPLEO, CARGO O COMISION"
COEV770707MDFRCC03,TRÁFICO DE INFLUENCIAS,SANCIÓN ECONÓMICA
GRAJ860617MSNRRL05,OTRO,OTRO
SAVR841126HPULLN03,DESACATO,"SUSPENSION DE EMPLEO, CARGO O COMISION"
REAR700711MVZSMS01,COHECHO O EXTORSION,DESTITUCION DEL EMPLEO CARGO O COMISION
CAKF740525MVZNRL04,VIOLACION PROCEDIMIENTOS DE CONTRATACION,INDEMNIZACIÓN RESARCITORIA
MACX780203MSNNRM07,VIOLACIÓN A LOS DERECHOS HUMANOS,INDEMNIZACIÓN RESARCITORIA
BÁVM810619MSNZLY01,ACTO DE CORRUPCIÓN,INDEMNIZACIÓN RESARCITORIA
CAFR810903HAGSLL03,ACTUACIÓN BAJO CONFLICTO DE INTERÉS,INDEMNIZACIÓN RESARCITORIA
QUMS721024MPURLF02,VIOLACIÓN A LOS DERECHOS HUMANOS,OTRO
TAMC880227HDFPDL06,NEGLIGENCIA ADMINISTRATIVA,INDEMNIZACIÓN RESARCITORIA
FRGC790513MAGRRC07,CONTRATACIÓN INDEBIDA,SANCIÓN ECONÓMICA
ORCG711024HAGZHL09,ENCUBRIMIENTO,MULTADO
YUCL840117HPUNNN08,CONTRATACIÓN INDEBIDA,"SUSPENSION DE EMPLEO, CARGO O COMISION"
PACM830219MAGLLX04,CONTRATACIÓN INDEBIDA,"SUSPENSION DE EMPLEO, CARGO O COMISION"
GARJ781011MAGLLN07,DELITO COMETIDO POR SERVIDORES PUBLICOS,INHABILITADO
AMVM790302MAGDLR04,COMETER O TOLERAR CONDUCTAS DE HOSTIGAMIENTO SEXUAL,OTRO
JÁKL710418HPUQNC08,EJERCICIO INDEBIDO DE SUS FUNCIONES EN MATERIA MIGRATORIA,DESTITUCION DEL EMPLEO CARGO O COMISION
ESKM870919HSNCMN07,NEGLIGENCIA ADMINISTRATIVA,MULTADO
CAMM700821MAGNJR03,ENCUBRIMIENTO,SANCIÓN ECONÓMICA
SEAC780905MPUVCN09,PECULADO,DESTITUCION DEL EMPLEO CARGO O COMISION
TIBB821015MSNRNT01,COHECHO O EXTORSION,INDEMNIZACIÓN RESARCITORIA
BAME850416HPUZSL09,INCUMPLIMIENTO EN DECLARACION DE SITUACION PATRIMONIAL,DESTITUCION DEL EMPLEO CARGO O COMISION
ROXI860201HVZDRR05,NEGLIGENCIA ADMINISTRATIVA,MULTADO
SAVM730603HVZVLR07,ACTO DE CORRUPCIÓN,INDEMNIZACIÓN RESARCITORIA
BAAL860914HVZRVR07,OTRO,"SUSPENSION DE EMPLEO, CARGO O COMISION"
BUEA880710HSNSPN06,COHECHO O EXTORSION,DESTITUCION DEL EMPLEO CARGO O COMISION
FACJ870502HDFJSN06,OTRO,INHABILITADO
BARM870101MPUHDR04,OTRO,INHABILITADO
VEMJ760412MDFLNS05,OBSTRUCCIÓN DE LA JUSTICIA,INHABILITADO
DEKM760004HVZLPR03,CONTRATACIÓN INDEBIDA,INDEMNIZACIÓN RESARCITORIA
SETA881123MVZGMJ04,COHECHO O EXTORSION,INHABILITADO
LECM800927HPULSL06,OBSTRUCCIÓN DE LA JUSTICIA,MULTADO
SEOA740018MPUPVN05,EJERCICIO INDEBIDO DE SUS FUNCIONES EN MATERIA MIGRATORIA,SANCIÓN ECONÓMICA
MEMJ740215MAGNNN09,ABUSO DE AUTORIDAD,DESTITUCION DEL EMPLEO CARGO O COMISION
PEMG810616HDFRNL07,DELITO COMETIDO POR SERVIDORES PUBLICOS,OTRO
VESJ890821HSNRSN02,ABUSO DE AUTORIDAD,DESTITUCION DEL EMPLEO CARGO O COMISION
CAAL810123MDFRBN05,VIOLACION LEYES Y NORMATIVIDAD PRESUPUESTAL,INDEMNIZACIÓN RESARCITORIA
SASM750708HDFLLG02,ABUSO DE FUNCIONES,DESTITUCION DEL EMPLEO CARGO O COMISION
URCB750718HSNBNR05,OTRO,DESTITUCION DEL EMPLEO CARGO O COMISION
PASO840701HDFRCT06,VIOLACIÓN A LOS DERECHOS HUMANOS,INHABILITADO
ALBA780509MVZNRJ05,INCUMPLIMIENTO EN DECLARACION DE SITUACION PATRIMONIAL,DESTITUCION DEL EMPLEO CARGO O COMISION
KIGO890520MVZNLT05,OTRO,INHABILITADO
ARMR860822MDFRRM04,ENRIQUECIMIENTO OCULTO U OCULTAMIENTO DE CONFLICTO DE INTERÉS,DESTITUCION DEL EMPLEO CARGO O COMISION
MABN820125MAGTTM08,OTRO,"SUSPENSION DE EMPLEO, CARGO O COMISION"
OQUJ700208HAGNÑS07,PECULADO,MULTADO
ESVR890612MDFPLB05,TRÁFICO DE INFLUENCIAS,"SUSPENSION DE EMPLEO, CARGO O COMISION"
PRBÁ800423HVZRRG04,NEGLIGENCIA ADMINISTRATIVA,DESTITUCION DEL EMPLEO CARGO O COMISION
SORM890821MPUTMR03,DELITO COMETIDO POR SERVIDORES PUBLICOS,OTRO
ALHY790326HDFMRL04,COMETER O TOLERAR CONDUCTAS DE ACOSO SEXUAL,MULTADO
ALEL730221HVZCQS03,VIOLACION PROCEDIMIENTOS DE CONTRATACION,OTRO
ZÚKE790623HAGÑRC03,ADMINISTRATIVA GRAVE,SANCIÓN ECONÓMICA
BABC890826MDFRLL07,COMETER O TOLERAR CONDUCTAS DE ACOSO SEXUAL,DESTITUCION DEL EMPLEO CARGO O COMISION
CAON720020HSNVNR06,ABUSO DE AUTORIDAD,OTRO
ARLJ811124HAGGBN09,ABUSO DE FUNCIONES,MULTADO
ALAD730402MAGMBM05,ADMINISTRATIVA NO GRAVE,INHABILITADO
RAAC791107MSNMYR05,VIOLACION PROCEDIMIENTOS DE CONTRATACION,INDEMNIZACIÓN RESARCITORIA
XACE860823MDFCJL08,ABUSO DE FUNCIONES,DESTITUCION DEL EMPLEO CARGO O COMISION
KOMJ740003HPURRL07,PECULADO,SANCIÓN ECONÓMICA
ORCL890720MPUTRR09,ACTUACIÓN BAJO CONFLICTO DE INTERÉS,MULTADO
XIMJ740417HVZNJR08,DESVÍO DE RECURSOS PÚBLICOS,OTRO
PUVG830010MSNLLR09,DELITO COMETIDO POR SERVIDORES PUBLICOS,INDEMNIZACIÓN RESARCITORIA
COMN840913MAGRTC03,COMETER O TOLERAR CONDUCTAS DE HOSTIGAMIENTO SEXUAL,INDEMNIZACIÓN RESARCITORIA
ROHB790321HDFQLT07,VIOLACIÓN A LOS DERECHOS HUMANOS,DESTITUCION DEL EMPLEO CARGO O COMISION
IRCL720214MSNZLT09,COHECHO O EXTORSION,INDEMNIZACIÓN RESARCITORIA
GAGM850220HPURRL01,UTILIZACIÓN INDEBIDA DE INFORMACIÓN,INHABILITADO
ALCR710608HAGCRM01,PECULADO,DESTITUCION DEL EMPLEO CARGO O COMISION
ULSM890206MAGBTR01,INCUMPLIMIENTO EN DECLARACION DE SITUACION PATRIMONIAL,SANCIÓN ECONÓMICA
CEAF830907MVZRRR01,PECULADO,OTRO
CADA800023HVZNL 08,VIOLACION PROCEDIMIENTOS DE CONTRATACION,MULTADO
CABG830025HAGLLB06,ACTUACIÓN BAJO CONFLICTO DE INTERÉS,DESTITUCION DEL EMPLEO CARGO O COMISION
YUOL840817HAGNMT08,VIOLACIÓN A LOS DERECHOS HUMANOS,"SUSPENSION DE EMPLEO, CARGO O COMISION"
LOQS700215MDFVNL05,INCUMPLIMIENTO EN DECLARACION DE SITUACION PATRIMONIAL,DESTITUCION DEL EMPLEO CARGO O COMISION
ZAAM880516MSNMSR03,COHECHO O EXTORSION,INDEMNIZACIÓN RESARCITORIA
MACA771018MSNNLT06,ADMINISTRATIVA GRAVE,SANCIÓN ECONÓMICA
ALVB710902MAGCLN01,VIOLACION LEYES Y NORMATIVIDAD PRESUPUESTAL,"SUSPENSION DE EMPLEO, CARGO O COMISION"
SAQG820701MSNLNB03,UTILIZACIÓN INDEBIDA DE INFORMACIÓN,OTRO
PAYJ841027HPURBS04,DESACATO,SANCIÓN ECONÓMICA
GODG820601MAGD R01,ABUSO DE AUTORIDAD,MULTADO
ARAA751016HDFMCR09,OTRO,INHABILITADO
CARR760120HDFMVS06,ACTUACIÓN BAJO CONFLICTO DE INTERÉS,"SUSPENSION DE EMPLEO, CARGO O COMISION"
SOBJ861112HPUSRS05,OTRO,INDEMNIZACIÓN RESARCITORIA
BAGM880220MVZNRR01,TRÁFICO DE INFLUENCIAS,OTRO
CRMA740411MAGRJ 03,ENCUBRIMIENTO,MULTADO
ROSE820107HSNSLM08,PECULADO,"SUSPENSION DE EMPLEO, CARGO O COMISION"
CAEE750625HPUSTL04,ACTO DE CORRUPCIÓN,SANCIÓN ECONÓMICA
YAGM781025HPUGLR01,VIOLACION LEYES Y NORMATIVIDAD PRESUPUESTAL,MULTADO
URTJ790723HSNBRQ02,CONTRATACIÓN INDEBIDA,SANCIÓN ECONÓMICA
CRSF890324MPURSR03,ABUSO DE FUNCIONES,"SUSPENSION DE EMPLEO, CARGO O COMISION"
BAMG850003MSNÑNR09,DESVÍO DE RECURSOS PÚBLICOS,MULTADO
BERN850106MSNLVT04,ADMINISTRATIVA GRAVE,OTRO
BECE870604HDFRRN02,ACTUACIÓN BAJO CONFLICTO DE INTERÉS,MULTADO
YÁLE820507MVZÑNT01,TRÁFICO DE INFLUENCIAS,INDEMNIZACIÓN RESARCITORIA
TEEE710306MAGRQL01,VIOLACIÓN A LOS DERECHOS HUMANOS,MULTADO
CAGI871024MDFLTN08,EJERCICIO INDEBIDO DE SUS FUNCIONES EN MATERIA MIGRATORIA,INDEMNIZACIÓN RESARCITORIA
NÁMA821011HDFJT 09,ENRIQUECIMIENTO OCULTO U OCULTAMIENTO DE CONFLICTO DE INTERÉS,OTRO
HEAC720421MPURMR05,OTRO,DESTITUCION DEL EMPLEO CARGO O COMISION
ZABF891006MSNMRR04,ENCUBRIMIENTO,"SUSPENSION DE EMPLEO, CARGO O COMISION"
DEOE860502HAG TM05,UTILIZACIÓN INDEBIDA DE INFORMACIÓN,MULTADO
GUPJ770012MSNVRN05,PECULADO,INHABILITADO
KAMA891019HPUNRN03,COMETER O TOLERAR CONDUCTAS DE ACOSO SEXUAL,OTRO
VECS840014MSNRML03,OBSTRUCCIÓN DE LA JUSTICIA,MULTADO
LIOO800207HAGMVT02,ACTO DE CORRUPCIÓN,SANCIÓN ECONÓMICA
HEAC790012HVZNMN02,PECULADO,"SUSPENSION DE EMPLEO, CARGO O COMISION"
MUGB720627MSNRLL03,ACTO DE CORRUPCIÓN,"SUSPENSION DE EMPLEO, CARGO O COMISION"
ARSD880308MPUTSB06,COHECHO O EXTORSION,SANCIÓN ECONÓMICA
CACM701113HVZBLR02,CONTRATACIÓN INDEBIDA,DESTITUCION DEL EMPLEO CARGO O COMISION
CONA850726MSNLVT06,ADMINISTRATIVA GRAVE,"SUSPENSION DE EMPLEO, CARGO O COMISION"
ESCV880726MAGQNR06,NEGLIGENCIA ADMINISTRATIVA,MULTADO
ROPR740013HDFBRS06,EJERCICIO INDEBIDO DE SUS FUNCIONES EN MATERIA MIGRATORIA,DESTITUCION DEL EMPLEO CARGO O COMISION
DOAM740307HPUMRY07,OBSTRUCCIÓN DE LA JUSTICIA,OTRO
VICM710206HDFLRR09,COMETER O TOLERAR CONDUCTAS DE HOSTIGAMIENTO SEXUAL,DESTITUCION DEL EMPLEO CARGO O COMISION
KRVI830622MAGRLB04,DESVÍO DE RECURSOS PÚBLICOS,MULTADO
APCT820812MAGRBM08,VIOLACION LEYES Y NORMATIVIDAD PRESUPUESTAL,INHABILITADO
BEBP710927HDFNRB04,COMETER O TOLERAR CONDUCTAS DE HOSTIGAMIENTO SEXUAL,OTRO
RONC880015HPULVN05,INCUMPLIMIENTO EN DECLARACION DE SITUACION PATRIMONIAL,INHABILITADO
NÚKA810409HVZÑN 04,ABUSO DE FUNCIONES,MULTADO
ZACA780018MVZMSR03,VIOLACION PROCEDIMIENTOS DE CONTRATACION,INDEMNIZACIÓN RESARCITORIA
TOAJ890720MDFRGL01,ADMINISTRATIVA NO GRAVE,INDEMNIZACIÓN RESARCITORIA
VAMM890203HSNLLL06,NEGLIGENCIA ADMINISTRATIVA,DESTITUCION DEL EMPLEO CARGO O COMISION
POJX751022HVZSMM06,INCUMPLIMIENTO EN DECLARACION DE SITUACION PATRIMONIAL,DESTITUCION DEL EMPLEO CARGO O COMISION
MOCT730823HPUNRM02,DELITO COMETIDO POR SERVIDORES PUBLICOS,"SUSPENSION DE EMPLEO, CARGO O COMISION"
AGGM810421HDFYZR04,EJERCICIO INDEBIDO DE SUS FUNCIONES EN MATERIA MIGRATORIA,INHABILITADO
FURV780914MVZNSR01,NEGLIGENCIA ADMINISTRATIVA,OTRO
LOSJ790827MDFZRS02,ACTO DE CORRUPCIÓN,MULTADO
OTVL711015HDFRRC06,ABUSO DE AUTORIDAD,SANCIÓN ECONÓMICA
VASA730504HSNLVN06,PECULADO,"SUSPENSION DE EMPLEO, CARGO O COMISION"
ROVJ730208HAGDGS02,ADMINISTRATIVA GRAVE,"SUSPENSION DE EMPLEO, CARGO O COMISION"
GÓVR761014MVZMLG04,NEGLIGENCIA ADMINISTRATIVA,SANCIÓN ECONÓMICA
AGJÓ790618MAGYMC06,ENRIQUECIMIENTO OCULTO U OCULTAMIENTO DE CONFLICTO DE INTERÉS,DESTITUCION DEL EMPLEO CARGO O COMISION
ZEHR840420HAGLRS09,DESACATO,DESTITUCION DEL EMPLEO CARGO O COMISION
RIHM790717HDFNRL06,ABUSO DE FUNCIONES,INHABILITADO
ORVA801101MDFSLundefined05,DELITO COMETIDO POR SERVIDORES PUBLICOS,OTRO
VAPM710714MAGLNR07,DESVÍO DE RECURSOS PÚBLICOS,SANCIÓN ECONÓMICA
GAVÁ831015MAGRSG09,ACTO DE CORRUPCIÓN,INHABILITADO
FIGM810322HDFGLT02,VIOLACIÓN A LOS DERECHOS HUMANOS,MULTADO
NEMM810116MAGGNR09,TRÁFICO DE INFLUENCIAS,MULTADO
VAAE830721HAGLÑL06,ENCUBRIMIENTO,OTRO
GRBM841006HDFRRR04,COMETER O TOLERAR CONDUCTAS DE ACOSO SEXUAL,INDEMNIZACIÓN RESARCITORIA
ORBJ740214HDFSLS08,ACTO DE CORRUPCIÓN,OTRO
YAAI790116MAGMCN01,DESVÍO DE RECURSOS PÚBLICOS,DESTITUCION DEL EMPLEO CARGO O COMISION
VACM780701MAGLRR07,ABUSO DE FUNCIONES,INDEMNIZACIÓN RESARCITORIA
FAMÁ700811HSNJNG08,CONTRATACIÓN INDEBIDA,INDEMNIZACIÓN RESARCITORIA
RAMM710016MVZSNR05,COMETER O TOLERAR CONDUCTAS DE HOSTIGAMIENTO SEXUAL,INHABILITADO
HISJ811017MPUNNL02,COMETER O TOLERAR CONDUCTAS DE ACOSO SEXUAL,SANCIÓN ECONÓMICA
MOSM830626MDFNSR02,DESVÍO DE RECURSOS PÚBLICOS,OTRO
BUCM840821HAGSHT01,TRÁFICO DE INFLUENCIAS,DESTITUCION DEL EMPLEO CARGO O COMISION
ZAVC730815MPUMLR01,PECULADO,"SUSPENSION DE EMPLEO, CARGO O COMISION"
GUSJ890720HVZJGS07,UTILIZACIÓN INDEBIDA DE INFORMACIÓN,INHABILITADO
KIMY830119MPUNRM07,ENCUBRIMIENTO,SANCIÓN ECONÓMICA
SEMB820924HPURJR09,DESVÍO DE RECURSOS PÚBLICOS,OTRO
POAE810604MAGLNL08,ABUSO DE FUNCIONES,OTRO
MUBG740006HVZRTB01,ADMINISTRATIVA GRAVE,SANCIÓN ECONÓMICA
ROOD750218MDFSTM03,VIOLACION LEYES Y NORMATIVIDAD PRESUPUESTAL,MULTADO
COAG720209MVZRDL09,ADMINISTRATIVA NO GRAVE,SANCIÓN ECONÓMICA
ALSV760916HAGNLC07,TRÁFICO DE INFLUENCIAS,SANCIÓN ECONÓMICA
POME860409HPURNN05,ENRIQUECIMIENTO OCULTO U OCULTAMIENTO DE CONFLICTO DE INTERÉS,DESTITUCION DEL EMPLEO CARGO O COMISION
SOGÓ711116HSNLLC01,ABUSO DE FUNCIONES,SANCIÓN ECONÓMICA
ARMI780405HSNRDB08,OBSTRUCCIÓN DE LA JUSTICIA,OTRO
VIGA870905MPULJ 02,CONTRATACIÓN INDEBIDA,"SUSPENSION DE EMPLEO, CARGO O COMISION"
CAML810005MAGRTZ03,ACTO DE CORRUPCIÓN,INHABILITADO
GACR801018HSNRSM01,ADMINISTRATIVA GRAVE,MULTADO
CORY720301MVZLNM08,ACTUACIÓN BAJO CONFLICTO DE INTERÉS,INDEMNIZACIÓN RESARCITORIA
BAÑM830212HAGRÑR01,ADMINISTRATIVA GRAVE,INDEMNIZACIÓN RESARCITORIA
PEMK850220HVZÑRM06,COHECHO O EXTORSION,OTRO
VEGA820414MAGRR 03,INCUMPLIMIENTO EN DECLARACION DE SITUACION PATRIMONIAL,SANCIÓN ECONÓMICA
SADI740709HSNLZR02,OBSTRUCCIÓN DE LA JUSTICIA,"SUSPENSION DE EMPLEO, CARGO O COMISION"
LODT800407HSNM R02,ABUSO DE FUNCIONES,SANCIÓN ECONÓMICA
CAMD740016MPUNNB03,NEGLIGENCIA ADMINISTRATIVA,MULTADO
ROVJ830609HPUSRN01,ENRIQUECIMIENTO OCULTO U OCULTAMIENTO DE CONFLICTO DE INTERÉS,DESTITUCION DEL EMPLEO CARGO O COMISION
PUMG761016HSNLZR05,CONTRATACIÓN INDEBIDA,MULTADO
RUMA811008HVZBGL05,COMETER O TOLERAR CONDUCTAS DE ACOSO SEXUAL,INHABILITADO
HUVV770113HSNRLC09,VIOLACION PROCEDIMIENTOS DE CONTRATACION,OTRO
MACX741118HVZDRM09,COHECHO O EXTORSION,INHABILITADO
CATM730108MPULRR03,TRÁFICO DE INFLUENCIAS,"SUSPENSION DE EMPLEO, CARGO O COMISION"
BUOK870309HSNNRM08,COHECHO O EXTORSION,SANCIÓN ECONÓMICA
NACR790004MVZVRS06,COHECHO O EXTORSION,MULTADO
TEAE830011MPURRT04,ACTO DE CORRUPCIÓN,DESTITUCION DEL EMPLEO CARGO O COMISION
ESAJ840522MDFCTZ02,DESVÍO DE RECURSOS PÚBLICOS,OTRO
ANSX790216HDFGDM09,COHECHO O EXTORSION,INDEMNIZACIÓN RESARCITORIA
RAZP700223MSNZMB07,EJERCICIO INDEBIDO DE SUS FUNCIONES EN MATERIA MIGRATORIA,SANCIÓN ECONÓMICA
JASJ891007MAGMNN03,ABUSO DE FUNCIONES,OTRO
PABA791024HAGRCC09,ABUSO DE FUNCIONES,OTRO
FEHK700527MVZRRV01,UTILIZACIÓN INDEBIDA DE INFORMACIÓN,"SUSPENSION DE EMPLEO, CARGO O COMISION"
ACVE800525MDFÑRL04,DESVÍO DE RECURSOS PÚBLICOS,OTRO
RIAE810016MAGNRM05,VIOLACIÓN A LOS DERECHOS HUMANOS,INHABILITADO
MOEE800114HPUNCV03,ENCUBRIMIENTO,DESTITUCION DEL EMPLEO CARGO O COMISION
ROJA780805MDFDRN06,ABUSO DE FUNCIONES,INHABILITADO
SAMR731024MVZLNG04,DESVÍO DE RECURSOS PÚBLICOS,SANCIÓN ECONÓMICA
ARBJ750104MPUMNZ08,ABUSO DE FUNCIONES,INHABILITADO
ARCB790014MVZCLR05,PECULADO,SANCIÓN ECONÓMICA
KIPC841005MVZNLL05,VIOLACIÓN A LOS DERECHOS HUMANOS,INHABILITADO
ESVN870820MSNPLR06,PECULADO,INHABILITADO
ORCL850202HVZSRS05,EJERCICIO INDEBIDO DE SUS FUNCIONES EN MATERIA MIGRATORIA,MULTADO
VÁMJ880306MAGSNS09,ADMINISTRATIVA GRAVE,DESTITUCION DEL EMPLEO CARGO O COMISION
JAGE790104MSNMRL05,VIOLACION PROCEDIMIENTOS DE CONTRATACION,"SUSPENSION DE EMPLEO, CARGO O COMISION"
CABP880106MDFMTT08,ADMINISTRATIVA NO GRAVE,INDEMNIZACIÓN RESARCITORIA
SAPL850525HAGNRL02,DELITO COMETIDO POR SERVIDORES PUBLICOS,INHABILITADO
HUBA890626MDFXLL02,ACTUACIÓN BAJO CONFLICTO DE INTERÉS,DESTITUCION DEL EMPLEO CARGO O COMISION
MIDM790723MAGR R08,DESACATO,DESTITUCION DEL EMPLEO CARGO O COMISION
JABL840125MDFMNS02,VIOLACIÓN A LOS DERECHOS HUMANOS,DESTITUCION DEL EMPLEO CARGO O COMISION
QUCT700808MVZNRD03,DESACATO,"SUSPENSION DE EMPLEO, CARGO O COMISION"
COAD890922MSNRÑG05,DESVÍO DE RECURSOS PÚBLICOS,SANCIÓN ECONÓMICA
MICL750125MDFRLL01,COMETER O TOLERAR CONDUCTAS DE ACOSO SEXUAL,INHABILITADO
CAGJ760407HSNSZC04,OBSTRUCCIÓN DE LA JUSTICIA,MULTADO
SULL720204MVZRMS02,ACTUACIÓN BAJO CONFLICTO DE INTERÉS,INHABILITADO
GAOC760411MSNSVN01,COMETER O TOLERAR CONDUCTAS DE ACOSO SEXUAL,INHABILITADO
BABC890207HVZRZR03,CONTRATACIÓN INDEBIDA,OTRO
JUSP870105MAGRDT02,ABUSO DE AUTORIDAD,INDEMNIZACIÓN RESARCITORIA
DEKM820509HDFLRT07,TRÁFICO DE INFLUENCIAS,DESTITUCION DEL EMPLEO CARGO O COMISION
QUMG870609HPUNNL01,ENCUBRIMIENTO,MULTADO
BUNE880226MVZSRL03,VIOLACION LEYES Y NORMATIVIDAD PRESUPUESTAL,MULTADO
MOVC760706MVZNLR05,VIOLACION LEYES Y NORMATIVIDAD PRESUPUESTAL,INHABILITADO
CAVF830814HVZNLD04,ADMINISTRATIVA GRAVE,INDEMNIZACIÓN RESARCITORIA
MEZA870226MDFZPT09,INCUMPLIMIENTO EN DECLARACION DE SITUACION PATRIMONIAL,"SUSPENSION DE EMPLEO, CARGO O COMISION"
KALC770703MDFRNL02,ENRIQUECIMIENTO OCULTO U OCULTAMIENTO DE CONFLICTO DE INTERÉS,MULTADO
RAAM721018HVZMVR03,COMETER O TOLERAR CONDUCTAS DE ACOSO SEXUAL,OTRO
LUGF880009MDFVSL01,DESVÍO DE RECURSOS PÚBLICOS,MULTADO
SEBM860217HAGRRN02,DESACATO,"SUSPENSION DE EMPLEO, CARGO O COMISION"
GILI760605HSNRRR08,ENRIQUECIMIENTO OCULTO U OCULTAMIENTO DE CONFLICTO DE INTERÉS,"SUSPENSION DE EMPLEO, CARGO O COMISION"
PAUD831009MSNDBN05,ACTUACIÓN BAJO CONFLICTO DE INTERÉS,MULTADO
VAEÓ860313MDFLQC04,COMETER O TOLERAR CONDUCTAS DE ACOSO SEXUAL,INDEMNIZACIÓN RESARCITORIA
XICM840915HSNCLR03,OBSTRUCCIÓN DE LA JUSTICIA,SANCIÓN ECONÓMICA
TEMS840323HDFRLN03,ACTO DE CORRUPCIÓN,DESTITUCION DEL EMPLEO CARGO O COMISION
XIGM751021MAGCSR05,OTRO,INDEMNIZACIÓN RESARCITORIA
TICG720827HVZRDL08,VIOLACION LEYES Y NORMATIVIDAD PRESUPUESTAL,INDEMNIZACIÓN RESARCITORIA
ARVM710003MVZGLR08,ENRIQUECIMIENTO OCULTO U OCULTAMIENTO DE CONFLICTO DE INTERÉS,"SUSPENSION DE EMPLEO, CARGO O COMISION"
DECE700706HPULRT05,TRÁFICO DE INFLUENCIAS,"SUSPENSION DE EMPLEO, CARGO O COMISION"
CAGM780325MDFMLR05,ACTO DE CORRUPCIÓN,INDEMNIZACIÓN RESARCITORIA
LEBG880315HSNLRR06,DELITO COMETIDO POR SERVIDORES PUBLICOS,INDEMNIZACIÓN RESARCITORIA
MAKE801102MVZSZR04,TRÁFICO DE INFLUENCIAS,MULTADO
DEZN701006HPULMT04,ACTUACIÓN BAJO CONFLICTO DE INTERÉS,INDEMNIZACIÓN RESARCITORIA
AGVI890126MDFLRS07,TRÁFICO DE INFLUENCIAS,OTRO
RODD731026MDFMLN07,UTILIZACIÓN INDEBIDA DE INFORMACIÓN,SANCIÓN ECONÓMICA
TANÓ880104MSNMÑC06,COMETER O TOLERAR CONDUCTAS DE HOSTIGAMIENTO SEXUAL,SANCIÓN ECONÓMICA
SERC831127HDFPNR01,ACTO DE CORRUPCIÓN,DESTITUCION DEL EMPLEO CARGO O COMISION
ALRJ750025MAGMZS08,COMETER O TOLERAR CONDUCTAS DE ACOSO SEXUAL,MULTADO
VARK831123HSNLDM04,VIOLACION LEYES Y NORMATIVIDAD PRESUPUESTAL,OTRO
CAGV741002HSNSRC07,PECULADO,"SUSPENSION DE EMPLEO, CARGO O COMISION"
HUDI760317MPURLN06,INCUMPLIMIENTO EN DECLARACION DE SITUACION PATRIMONIAL,OTRO
ROGE870225HVZLLN04,PECULADO,"SUSPENSION DE EMPLEO, CARGO O COMISION"
GOAB720910HPUDMN03,ADMINISTRATIVA GRAVE,SANCIÓN ECONÓMICA
LORJ830115MVZMDS05,COHECHO O EXTORSION,"SUSPENSION DE EMPLEO, CARGO O COMISION"
XIMJ850327HVZCLS02,ENCUBRIMIENTO,MULTADO
GICM831117HDFRLR07,UTILIZACIÓN INDEBIDA DE INFORMACIÓN,DESTITUCION DEL EMPLEO CARGO O COMISION
BUGJ860918HVZSRL03,ADMINISTRATIVA NO GRAVE,INHABILITADO
OCSM810003MAGHVR05,ACTUACIÓN BAJO CONFLICTO DE INTERÉS,OTRO
PUCM880911HVZLRR04,VIOLACIÓN A LOS DERECHOS HUMANOS,DESTITUCION DEL EMPLEO CARGO O COMISION
RAPC830118MSNMGN02,VIOLACION LEYES Y NORMATIVIDAD PRESUPUESTAL,OTRO
GIRE730008MAGLVL03,ACTO DE CORRUPCIÓN,DESTITUCION DEL EMPLEO CARGO O COMISION
LALG701010MDFRYL02,VIOLACIÓN A LOS DERECHOS HUMANOS,"SUSPENSION DE EMPLEO, CARGO O COMISION"
GAVV700212HDFLLC04,ABUSO DE FUNCIONES,DESTITUCION DEL EMPLEO CARGO O COMISION
ROJE720907MAGMRL05,COHECHO O EXTORSION,OTRO
ROEL780501MAGSCS02,DESVÍO DE RECURSOS PÚBLICOS,DESTITUCION DEL EMPLEO CARGO O COMISION
SACM840510HSNNVR03,ACTUACIÓN BAJO CONFLICTO DE INTERÉS,"SUSPENSION DE EMPLEO, CARGO O COMISION"
DEPJ881003HDFLNL01,ACTUACIÓN BAJO CONFLICTO DE INTERÉS,INDEMNIZACIÓN RESARCITORIA
PIVL881020MSNÑLS09,ACTO DE CORRUPCIÓN,SANCIÓN ECONÓMICA
RABJ850112HDFMZM09,ENRIQUECIMIENTO OCULTO U OCULTAMIENTO DE CONFLICTO DE INTERÉS,SANCIÓN ECONÓMICA
NAAR870926HDFVRM04,COMETER O TOLERAR CONDUCTAS DE HOSTIGAMIENTO SEXUAL,SANCIÓN ECONÓMICA
VEED750920HAGGQR08,ENRIQUECIMIENTO OCULTO U OCULTAMIENTO DE CONFLICTO DE INTERÉS,MULTADO
MIQG751116MAGRNL01,ACTO DE CORRUPCIÓN,SANCIÓN ECONÓMICA
RIAS810016MDFVVL08,ADMINISTRATIVA GRAVE,INDEMNIZACIÓN RESARCITORIA
GUUR870407MDFTÑS05,DESVÍO DE RECURSOS PÚBLICOS,OTRO
APPH730116HDFDZR02,ABUSO DE FUNCIONES,OTRO
TÓSA780604MDFRRL05,DESACATO,INHABILITADO
ALKE700221MSNCRM08,VIOLACIÓN A LOS DERECHOS HUMANOS,INDEMNIZACIÓN RESARCITORIA
TÓGN720501MSNRVT09,CONTRATACIÓN INDEBIDA,INDEMNIZACIÓN RESARCITORIA
DEYC890715HVZLNS08,UTILIZACIÓN INDEBIDA DE INFORMACIÓN,INHABILITADO
JÁXD740123MSNQNL05,CONTRATACIÓN INDEBIDA,OTRO
XEMY700215MAGNYR08,ABUSO DE FUNCIONES,SANCIÓN ECONÓMICA
CAAM791018HAGRTT02,UTILIZACIÓN INDEBIDA DE INFORMACIÓN,INDEMNIZACIÓN RESARCITORIA
GIDJ860713HPULLN08,ABUSO DE FUNCIONES,INHABILITADO
CAAM821126HPURSR06,ADMINISTRATIVA GRAVE,"SUSPENSION DE EMPLEO, CARGO O COMISION"
LÓRE860323MDFPDP05,ACTUACIÓN BAJO CONFLICTO DE INTERÉS,OTRO
IRLM770624MDFZVR08,UTILIZACIÓN INDEBIDA DE INFORMACIÓN,INDEMNIZACIÓN RESARCITORIA
SIAV840817MDFRCL07,ADMINISTRATIVA NO GRAVE,OTRO
PIVM700604HDFZLN04,DELITO COMETIDO POR SERVIDORES PUBLICOS,OTRO
KAJA800309HVZDMR02,OTRO,MULTADO
PAGV700308HDFCRR09,ENRIQUECIMIENTO OCULTO U OCULTAMIENTO DE CONFLICTO DE INTERÉS,"SUSPENSION DE EMPLEO, CARGO O COMISION"
CAAR870425HSNLMD04,COHECHO O EXTORSION,"SUSPENSION DE EMPLEO, CARGO O COMISION"
CAMT700922MPUMRD07,ADMINISTRATIVA NO GRAVE,INHABILITADO
ACBM850110MDFSRR05,ACTUACIÓN BAJO CONFLICTO DE INTERÉS,SANCIÓN ECONÓMICA
PATJ860323HDFRLQ06,DELITO COMETIDO POR SERVIDORES PUBLICOS,INHABILITADO
SAPF750209MAGMDL05,NEGLIGENCIA ADMINISTRATIVA,INDEMNIZACIÓN RESARCITORIA
VESU860324HDFGNL05,NEGLIGENCIA ADMINISTRATIVA,MULTADO
SAAG780419HVZLFS07,ACTUACIÓN BAJO CONFLICTO DE INTERÉS,DESTITUCION DEL EMPLEO CARGO O COMISION
GAVM770904HVZTLR09,ABUSO DE FUNCIONES,INDEMNIZACIÓN RESARCITORIA
YAKY770220HAGNRM01,OTRO,"SUSPENSION DE EMPLEO, CARGO O COMISION"
GRCA871121MDFRRF01,COMETER O TOLERAR CONDUCTAS DE ACOSO SEXUAL,SANCIÓN ECONÓMICA
CABG740819HAGRLL08,DESVÍO DE RECURSOS PÚBLICOS,MULTADO
QUCE850724HPUZRZ05,VIOLACION LEYES Y NORMATIVIDAD PRESUPUESTAL,OTRO
DOKF710012MAGMRT07,TRÁFICO DE INFLUENCIAS,DESTITUCION DEL EMPLEO CARGO O COMISION
PEVJ890324MSNRRC02,TRÁFICO DE INFLUENCIAS,INHABILITADO
OZLE821020HVZNZS04,ENRIQUECIMIENTO OCULTO U OCULTAMIENTO DE CONFLICTO DE INTERÉS,DESTITUCION DEL EMPLEO CARGO O COMISION
CAGA781006MAGSRundefined01,UTILIZACIÓN INDEBIDA DE INFORMACIÓN,"SUSPENSION DE EMPLEO, CARGO O COMISION"
GAXE760420HPULCL03,EJERCICIO INDEBIDO DE SUS FUNCIONES EN MATERIA MIGRATORIA,INHABILITADO
ESFR741018MVZCRS03,DESVÍO DE RECURSOS PÚBLICOS,"SUSPENSION DE EMPLEO, CARGO O COMISION"
ALAA700327HPUCVJ04,EJERCICIO INDEBIDO DE SUS FUNCIONES EN MATERIA MIGRATORIA,INHABILITADO
HESN800102MVZRNM05,COMETER O TOLERAR CONDUCTAS DE HOSTIGAMIENTO SEXUAL,SANCIÓN ECONÓMICA
KAVO831002HSNRLT07,ENRIQUECIMIENTO OCULTO U OCULTAMIENTO DE CONFLICTO DE INTERÉS,OTRO
RATV830918MPULLR09,OBSTRUCCIÓN DE LA JUSTICIA,DESTITUCION DEL EMPLEO CARGO O COMISION
ARMM780615MDFRÑN02,UTILIZACIÓN INDEBIDA DE INFORMACIÓN,OTRO
PEKV760204MVZDNC07,ABUSO DE FUNCIONES,INHABILITADO
NÁRC840624HSNJYN09,CONTRATACIÓN INDEBIDA,SANCIÓN ECONÓMICA
CAKL870008MDFRRS08,OBSTRUCCIÓN DE LA JUSTICIA,OTRO
ECJN870226HAGHMC04,PECULADO,INHABILITADO
JACD730827MPUMNN09,COHECHO O EXTORSION,DESTITUCION DEL EMPLEO CARGO O COMISION
PAAV770621HPULNC02,ADMINISTRATIVA NO GRAVE,"SUSPENSION DE EMPLEO, CARGO O COMISION"
KAEA770909HPURPN08,TRÁFICO DE INFLUENCIAS,MULTADO
TAAF830009MSNMÑR06,COHECHO O EXTORSION,SANCIÓN ECONÓMICA
YACB810915HDFMRR08,ENCUBRIMIENTO,DESTITUCION DEL EMPLEO CARGO O COMISION
RIUM860817MSNJLR05,CONTRATACIÓN INDEBIDA,INDEMNIZACIÓN RESARCITORIA
NEVE810418MPUVLZ04,CONTRATACIÓN INDEBIDA,SANCIÓN ECONÓMICA
APZJ840322MPUNPS08,TRÁFICO DE INFLUENCIAS,INDEMNIZACIÓN RESARCITORIA
RUZB820304HPUZMR07,TRÁFICO DE INFLUENCIAS,INDEMNIZACIÓN RESARCITORIA
CASE800417HSNSNM05,TRÁFICO DE INFLUENCIAS,DESTITUCION DEL EMPLEO CARGO O COMISION
ECLI800425MSNHMN06,TRÁFICO DE INFLUENCIAS,DESTITUCION DEL EMPLEO CARGO O COMISION
GAGI820407HAGSNB05,COMETER O TOLERAR CONDUCTAS DE HOSTIGAMIENTO SEXUAL,INHABILITADO
MARG800625MVZNBN04,ENRIQUECIMIENTO OCULTO U OCULTAMIENTO DE CONFLICTO DE INTERÉS,INHABILITADO
ABPJ861006MSNYZN08,UTILIZACIÓN INDEBIDA DE INFORMACIÓN,SANCIÓN ECONÓMICA
CRRA740207HSNRJS03,COHECHO O EXTORSION,SANCIÓN ECONÓMICA
PÉCV850521HVZRNC08,PECULADO,OTRO
BABN770903HVZLRC09,ACTUACIÓN BAJO CONFLICTO DE INTERÉS,INDEMNIZACIÓN RESARCITORIA
SOCA830302MSNLZT02,OTRO,OTRO
BAAB740521HDFLRT03,TRÁFICO DE INFLUENCIAS,INDEMNIZACIÓN RESARCITORIA
ESRM780002MDFCLT08,TRÁFICO DE INFLUENCIAS,INDEMNIZACIÓN RESARCITORIA
DELX811124MVZLMM01,CONTRATACIÓN INDEBIDA,"SUSPENSION DE EMPLEO, CARGO O COMISION"
CAAM750702HSNRLR06,PECULADO,SANCIÓN ECONÓMICA
VIGP810301HAGLLT07,OTRO,SANCIÓN ECONÓMICA
GRTJ820827MPURMQ05,INCUMPLIMIENTO EN DECLARACION DE SITUACION PATRIMONIAL,INDEMNIZACIÓN RESARCITORIA
LURJ880820HAGNJN09,OTRO,OTRO
VIGI710417HVZLRR01,COMETER O TOLERAR CONDUCTAS DE ACOSO SEXUAL,"SUSPENSION DE EMPLEO, CARGO O COMISION"
PADV730503HVZNLR03,VIOLACION LEYES Y NORMATIVIDAD PRESUPUESTAL,INHABILITADO
HERJ770823HPURVC01,ABUSO DE AUTORIDAD,SANCIÓN ECONÓMICA
VAPA750209MPURRN05,COHECHO O EXTORSION,"SUSPENSION DE EMPLEO, CARGO O COMISION"
HEAE830512HDFRYL04,NEGLIGENCIA ADMINISTRATIVA,DESTITUCION DEL EMPLEO CARGO O COMISION
MÉKI800918HSNNRS05,ABUSO DE FUNCIONES,OTRO
KRAR700010MVZRYN05,DESVÍO DE RECURSOS PÚBLICOS,OTRO
LICS860927HVZNRL06,NEGLIGENCIA ADMINISTRATIVA,INHABILITADO
RUKE710218HAGBRL04,OTRO,MULTADO
YASM740022MAGNDG05,PECULADO,OTRO
MOAE760924MPURJR03,DELITO COMETIDO POR SERVIDORES PUBLICOS,SANCIÓN ECONÓMICA
MEPN891109HVZDZT02,COMETER O TOLERAR CONDUCTAS DE ACOSO SEXUAL,OTRO
BÉRC800418MPUTDR04,ABUSO DE FUNCIONES,INDEMNIZACIÓN RESARCITORIA
SACN750714HPUNSC08,COHECHO O EXTORSION,SANCIÓN ECONÓMICA
LECP790322MVZYRL06,OTRO,INHABILITADO
APCM821125HAGNMR07,ABUSO DE AUTORIDAD,MULTADO
BRPJ830503HPURDN08,COMETER O TOLERAR CONDUCTAS DE ACOSO SEXUAL,MULTADO
CACI860014HPUSRS09,INCUMPLIMIENTO EN DECLARACION DE SITUACION PATRIMONIAL,MULTADO
CALC880806MVZRRR02,ACTO DE CORRUPCIÓN,SANCIÓN ECONÓMICA
GAGR831121HVZRRN09,COMETER O TOLERAR CONDUCTAS DE HOSTIGAMIENTO SEXUAL,MULTADO
ATKR700124HPUNRN06,VIOLACION PROCEDIMIENTOS DE CONTRATACION,INHABILITADO
GORA720306MDFNSR03,ACTO DE CORRUPCIÓN,"SUSPENSION DE EMPLEO, CARGO O COMISION"
CUVM760724HAGRLN07,ADMINISTRATIVA GRAVE,INDEMNIZACIÓN RESARCITORIA
RORS870217MDFYCR06,ENCUBRIMIENTO,OTRO
SOCR720224HVZLHB05,VIOLACIÓN A LOS DERECHOS HUMANOS,MULTADO
QUMD750212MVZNRN02,OTRO,"SUSPENSION DE EMPLEO, CARGO O COMISION"
MEJG700521MAGNML08,ABUSO DE FUNCIONES,INHABILITADO
CALE780323MPUBVL03,EJERCICIO INDEBIDO DE SUS FUNCIONES EN MATERIA MIGRATORIA,SANCIÓN ECONÓMICA
FIRG840119MDFRSN01,ABUSO DE AUTORIDAD,INHABILITADO
MOER791103MPUNHF05,ABUSO DE FUNCIONES,MULTADO
VÉKI791111MVZLRN06,ACTUACIÓN BAJO CONFLICTO DE INTERÉS,"SUSPENSION DE EMPLEO, CARGO O COMISION"
CAVC701006HSNLRS04,ABUSO DE FUNCIONES,INDEMNIZACIÓN RESARCITORIA
MARO871025HSNNST09,CONTRATACIÓN INDEBIDA,DESTITUCION DEL EMPLEO CARGO O COMISION
SOCE840724HVZSNS08,PECULADO,MULTADO
SAKR730716MDFCPL09,ADMINISTRATIVA NO GRAVE,"SUSPENSION DE EMPLEO, CARGO O COMISION"
SAOX770415HAGNVM05,UTILIZACIÓN INDEBIDA DE INFORMACIÓN,OTRO
VINA881109MVZGÑF03,ABUSO DE FUNCIONES,DESTITUCION DEL EMPLEO CARGO O COMISION
CRVM840707MPURSR07,DESVÍO DE RECURSOS PÚBLICOS,MULTADO
KANJ801109MAGPZN06,TRÁFICO DE INFLUENCIAS,INHABILITADO
BEKS810704HVZLNN01,ABUSO DE AUTORIDAD,"SUSPENSION DE EMPLEO, CARGO O COMISION"
VEAG780916MSNLGL08,TRÁFICO DE INFLUENCIAS,DESTITUCION DEL EMPLEO CARGO O COMISION
COCA840001MSNLRD04,ABUSO DE FUNCIONES,INHABILITADO
COPS730715HAGLCN08,OTRO,MULTADO
BRGL700301HVZRRS06,ENCUBRIMIENTO,DESTITUCION DEL EMPLEO CARGO O COMISION
PRCJ780801HDFRLN03,DESACATO,INDEMNIZACIÓN RESARCITORIA
GUDC770209HSNTLR01,ACTO DE CORRUPCIÓN,"SUSPENSION DE EMPLEO, CARGO O COMISION"
ESMC740019HPUPRL04,ACTUACIÓN BAJO CONFLICTO DE INTERÉS,DESTITUCION DEL EMPLEO CARGO O COMISION
HIPM880501HDFNNR02,UTILIZACIÓN INDEBIDA DE INFORMACIÓN,"SUSPENSION DE EMPLEO, CARGO O COMISION"
JIDJ740115MPUMLS04,ADMINISTRATIVA NO GRAVE,OTRO
KAOC830227HPUNVR04,COMETER O TOLERAR CONDUCTAS DE HOSTIGAMIENTO SEXUAL,SANCIÓN ECONÓMICA
MATE730316HAGDJP02,ENRIQUECIMIENTO OCULTO U OCULTAMIENTO DE CONFLICTO DE INTERÉS,SANCIÓN ECONÓMICA
VIZÁ700503MVZGYG01,VIOLACIÓN A LOS DERECHOS HUMANOS,MULTADO
NESC861108HPUVVM07,ABUSO DE AUTORIDAD,INDEMNIZACIÓN RESARCITORIA
PARJ700318HDFDLS06,COHECHO O EXTORSION,INHABILITADO
ABJG820014MAGYRR08,ABUSO DE AUTORIDAD,INHABILITADO
CRRG890001HVZRLR03,OBSTRUCCIÓN DE LA JUSTICIA,DESTITUCION DEL EMPLEO CARGO O COMISION
LULM761026MDFCLR01,DESVÍO DE RECURSOS PÚBLICOS,INDEMNIZACIÓN RESARCITORIA
HIKS740404HDFNNN05,ACTO DE CORRUPCIÓN,INHABILITADO
CAMC840922MVZSTR04,OBSTRUCCIÓN DE LA JUSTICIA,OTRO
ULAC731027HPULLL04,DESACATO,MULTADO
CATE780803HDFRRS06,TRÁFICO DE INFLUENCIAS,MULTADO
SEKG800013HSNPNL08,NEGLIGENCIA ADMINISTRATIVA,OTRO
VIKB800402MDFLRR09,UTILIZACIÓN INDEBIDA DE INFORMACIÓN,"SUSPENSION DE EMPLEO, CARGO O COMISION"
MOZJ881006HVZNMM03,OBSTRUCCIÓN DE LA JUSTICIA,"SUSPENSION DE EMPLEO, CARGO O COMISION"
QUHE860705HSNVRV03,ADMINISTRATIVA GRAVE,SANCIÓN ECONÓMICA
VIUE710902HSNLRM09,COMETER O TOLERAR CONDUCTAS DE HOSTIGAMIENTO SEXUAL,"SUSPENSION DE EMPLEO, CARGO O COMISION"
CESS770725HAGRLN06,DESVÍO DE RECURSOS PÚBLICOS,INHABILITADO
DÍQA881025HPUZÑX02,ENRIQUECIMIENTO OCULTO U OCULTAMIENTO DE CONFLICTO DE INTERÉS,"SUSPENSION DE EMPLEO, CARGO O COMISION"
MAML790713MVZTLZ07,COMETER O TOLERAR CONDUCTAS DE HOSTIGAMIENTO SEXUAL,OTRO
BAJJ790402HVZRRZ03,DESACATO,MULTADO
KAVE740621HDFRLP04,COMETER O TOLERAR CONDUCTAS DE ACOSO SEXUAL,INHABILITADO
VADS881025MSNLML06,EJERCICIO INDEBIDO DE SUS FUNCIONES EN MATERIA MIGRATORIA,SANCIÓN ECONÓMICA
MAMA711027MPUSNF08,UTILIZACIÓN INDEBIDA DE INFORMACIÓN,INHABILITADO
ALFC870303HVZMRL09,VIOLACION LEYES Y NORMATIVIDAD PRESUPUESTAL,DESTITUCION DEL EMPLEO CARGO O COMISION
ACBC840518MVZSRM06,ADMINISTRATIVA NO GRAVE,INDEMNIZACIÓN RESARCITORIA
ANCM800913MSNYRN08,TRÁFICO DE INFLUENCIAS,MULTADO
PUMJ840918HVZGRC09,COMETER O TOLERAR CONDUCTAS DE HOSTIGAMIENTO SEXUAL,SANCIÓN ECONÓMICA
GUKE710101HAGRNS03,EJERCICIO INDEBIDO DE SUS FUNCIONES EN MATERIA MIGRATORIA,OTRO
VATG710715MDFLRL05,EJERCICIO INDEBIDO DE SUS FUNCIONES EN MATERIA MIGRATORIA,SANCIÓN ECONÓMICA
SECR780920HVZGSB08,VIOLACIÓN A LOS DERECHOS HUMANOS,SANCIÓN ECONÓMICA
ORCJ750117MVZTRN08,ABUSO DE FUNCIONES,DESTITUCION DEL EMPLEO CARGO O COMISION
TICG800426MAGRLR01,DESACATO,INHABILITADO
KIDS880417MVZNRR01,VIOLACION LEYES Y NORMATIVIDAD PRESUPUESTAL,OTRO
PAQH860809HVZTNM07,VIOLACION LEYES Y NORMATIVIDAD PRESUPUESTAL,DESTITUCION DEL EMPLEO CARGO O COMISION
VIAG780516HSNLMB03,OTRO,SANCIÓN ECONÓMICA
CORF820126MAGNSR09,VIOLACION LEYES Y NORMATIVIDAD PRESUPUESTAL,INDEMNIZACIÓN RESARCITORIA
GUUM891108HSNRÑN03,DESVÍO DE RECURSOS PÚBLICOS,INHABILITADO
BRKA810002HSNRRX02,TRÁFICO DE INFLUENCIAS,SANCIÓN ECONÓMICA
IRBM740801MSNZDR01,UTILIZACIÓN INDEBIDA DE INFORMACIÓN,OTRO
BUVX710806HPUNRM08,CONTRATACIÓN INDEBIDA,INHABILITADO
ROBL810822HSNQNS04,VIOLACION LEYES Y NORMATIVIDAD PRESUPUESTAL,INDEMNIZACIÓN RESARCITORIA
SAKA811106MSNLNundefined03,ENRIQUECIMIENTO OCULTO U OCULTAMIENTO DE CONFLICTO DE INTERÉS,DESTITUCION DEL EMPLEO CARGO O COMISION
KAMR730601MVZRNS04,OTRO,"SUSPENSION DE EMPLEO, CARGO O COMISION"
KACP730118MSNNRB08,ACTUACIÓN BAJO CONFLICTO DE INTERÉS,OTRO
IGTM851012HVZLJN03,ACTUACIÓN BAJO CONFLICTO DE INTERÉS,MULTADO
MOKE721116HDFNRC01,UTILIZACIÓN INDEBIDA DE INFORMACIÓN,INDEMNIZACIÓN RESARCITORIA
LERM790924HSNRSL06,ABUSO DE FUNCIONES,MULTADO
CAMÁ770305MPURDG05,ADMINISTRATIVA NO GRAVE,OTRO
APTB821121HAGNJR01,COHECHO O EXTORSION,MULTADO
APGP730110HAGRRL09,CONTRATACIÓN INDEBIDA,OTRO
MIBA770225MPURRT06,PECULADO,INDEMNIZACIÓN RESARCITORIA
SÁTS710106HSNNVN06,OBSTRUCCIÓN DE LA JUSTICIA,SANCIÓN ECONÓMICA
KACM820324HAGRRR04,DESVÍO DE RECURSOS PÚBLICOS,INHABILITADO
ZECY860019HDFLNM08,ENRIQUECIMIENTO OCULTO U OCULTAMIENTO DE CONFLICTO DE INTERÉS,SANCIÓN ECONÓMICA
TRTM861018HSNRRR02,ENCUBRIMIENTO,DESTITUCION DEL EMPLEO CARGO O COMISION
GALD740419MAGLYL01,CONTRATACIÓN INDEBIDA,INHABILITADO
CAAR780607HVZRBS08,NEGLIGENCIA ADMINISTRATIVA,SANCIÓN ECONÓMICA
BASJ800915HDFLNS06,ADMINISTRATIVA GRAVE,INHABILITADO
RIVI730117MPUVLB08,EJERCICIO INDEBIDO DE SUS FUNCIONES EN MATERIA MIGRATORIA,INHABILITADO
VAAM720522HAGCGY01,UTILIZACIÓN INDEBIDA DE INFORMACIÓN,DESTITUCION DEL EMPLEO CARGO O COMISION
TEXJ871120MPUJCN06,VIOLACIÓN A LOS DERECHOS HUMANOS,INHABILITADO
KOFG840913MPURLL01,ENCUBRIMIENTO,"SUSPENSION DE EMPLEO, CARGO O COMISION"
NIPE730623MPUVLV09,VIOLACION LEYES Y NORMATIVIDAD PRESUPUESTAL,SANCIÓN ECONÓMICA
XEXC710826HSNNRR09,ENCUBRIMIENTO,INHABILITADO
PAAA701002MAGLGG06,PECULADO,MULTADO
ULMA830902MSNLGundefined09,ABUSO DE AUTORIDAD,INHABILITADO
MICI860817HVZRSS07,ADMINISTRATIVA GRAVE,SANCIÓN ECONÓMICA
ORNM890215MVZTGR02,VIOLACION LEYES Y NORMATIVIDAD PRESUPUESTAL,MULTADO
GÓNJ750911MDFMÑL08,VIOLACION PROCEDIMIENTOS DE CONTRATACION,SANCIÓN ECONÓMICA
ZAOÓ780524HSNRDC09,ABUSO DE AUTORIDAD,MULTADO
QUUM890325MDFNBR05,OBSTRUCCIÓN DE LA JUSTICIA,SANCIÓN ECONÓMICA
AYRK870803HVZLDM08,ENRIQUECIMIENTO OCULTO U OCULTAMIENTO DE CONFLICTO DE INTERÉS,INHABILITADO
MAAD820501MVZTVN05,ENRIQUECIMIENTO OCULTO U OCULTAMIENTO DE CONFLICTO DE INTERÉS,SANCIÓN ECONÓMICA
MISF840524MPURGR06,ENCUBRIMIENTO,OTRO
CIKG750922MDFNMR03,OTRO,SANCIÓN ECONÓMICA
ARRE810324HAGTSundefined02,COHECHO O EXTORSION,"SUSPENSION DE EMPLEO, CARGO O COMISION"
VICJ700420MDFLRN05,ADMINISTRATIVA NO GRAVE,OTRO
NITI720520MVZÑRN08,DELITO COMETIDO POR SERVIDORES PUBLICOS,DESTITUCION DEL EMPLEO CARGO O COMISION
VÉCL811120MAGLRR09,COHECHO O EXTORSION,MULTADO
MANJ871011MVZRRN03,ENCUBRIMIENTO,INHABILITADO
ALSJ710626MSNCVN06,DESACATO,"SUSPENSION DE EMPLEO, CARGO O COMISION"
ROQM830227HSNQNR07,VIOLACION PROCEDIMIENTOS DE CONTRATACION,MULTADO
PÉCP710815MDFRNL04,PECULADO,SANCIÓN ECONÓMICA
ALBI891012MAGMRR03,COMETER O TOLERAR CONDUCTAS DE ACOSO SEXUAL,MULTADO
OSRD800108HDFRJR05,DESACATO,INDEMNIZACIÓN RESARCITORIA
JUMT910118MVZRRM37,VIOLACION PROCEDIMIENTOS DE CONTRATACION,INDEMNIZACIÓN RESARCITORIA
ROGY741021MOXDLZ81,ACTUACIÓN BAJO CONFLICTO DE INTERÉS,OTRO
VIGG891227HDFLRV16,PECULADO,DESTITUCION DEL EMPLEO CARGO O COMISION
GAFY920422MOXRLZ18,ABUSO DE FUNCIONES,DESTITUCION DEL EMPLEO CARGO O COMISION
MORA920927MDFRDD28,ENCUBRIMIENTO,OTRO
JUVG850606MOXRLA61,COHECHO O EXTORSION,INHABILITADO
RIRA951108MOXVVD98,ABUSO DE AUTORIDAD,"SUSPENSION DE EMPLEO, CARGO O COMISION"
FLFT870309MVZLLM35,COMETER O TOLERAR CONDUCTAS DE ACOSO SEXUAL,"SUSPENSION DE EMPLEO, CARGO O COMISION"
VIGG980124MVZLLA44,OBSTRUCCIÓN DE LA JUSTICIA,SANCIÓN ECONÓMICA
VARG971212HOXLVV80,DESVÍO DE RECURSOS PÚBLICOS,OTRO
MORH701123HOXRDR24,DESACATO,DESTITUCION DEL EMPLEO CARGO O COMISION
GARA960920MVZRDD33,ENRIQUECIMIENTO OCULTO U OCULTAMIENTO DE CONFLICTO DE INTERÉS,MULTADO
VIVA930702HOXLLB57,CONTRATACIÓN INDEBIDA,DESTITUCION DEL EMPLEO CARGO O COMISION
VIJY911210MOXLRZ62,ABUSO DE AUTORIDAD,MULTADO
VIGY860516MDFLLZ40,COHECHO O EXTORSION,DESTITUCION DEL EMPLEO CARGO O COMISION
RORG890308HDFDVV31,ABUSO DE FUNCIONES,MULTADO
GAMG901027HDFLRV35,NEGLIGENCIA ADMINISTRATIVA,"SUSPENSION DE EMPLEO, CARGO O COMISION"
MOMY870925MDFRRZ27,PECULADO,DESTITUCION DEL EMPLEO CARGO O COMISION
GAMA950501MDFRRJ57,ACTUACIÓN BAJO CONFLICTO DE INTERÉS,OTRO
JUMY850728MDFRRZ37,VIOLACIÓN A LOS DERECHOS HUMANOS,MULTADO
RIMA930212MDFVRJ92,CONTRATACIÓN INDEBIDA,DESTITUCION DEL EMPLEO CARGO O COMISION
GAGA931208MVZRRD53,VIOLACION LEYES Y NORMATIVIDAD PRESUPUESTAL,DESTITUCION DEL EMPLEO CARGO O COMISION
VIMG870718HDFLRV34,COMETER O TOLERAR CONDUCTAS DE ACOSO SEXUAL,SANCIÓN ECONÓMICA
CUMG921214MDFVRA77,DESACATO,DESTITUCION DEL EMPLEO CARGO O COMISION
CUGH940826HVZVLR90,VIOLACION LEYES Y NORMATIVIDAD PRESUPUESTAL,OTRO
VIGG730907HDFLRV74,ENRIQUECIMIENTO OCULTO U OCULTAMIENTO DE CONFLICTO DE INTERÉS,SANCIÓN ECONÓMICA
CUCA750817MOXVVD69,DESACATO,INHABILITADO
VAFH860806HDFLLR66,PECULADO,OTRO
ROCH960209HOXDVR47,ENRIQUECIMIENTO OCULTO U OCULTAMIENTO DE CONFLICTO DE INTERÉS,INHABILITADO
FLCH940527HDFLVM21,VIOLACION PROCEDIMIENTOS DE CONTRATACION,INHABILITADO
RIRG891109MOXVDA27,UTILIZACIÓN INDEBIDA DE INFORMACIÓN,OTRO
MAFH720817HDFRLR54,ENCUBRIMIENTO,OTRO
VIGY791111MOXLRZ25,ADMINISTRATIVA NO GRAVE,MULTADO
VIGA720615HDFLRB35,ENCUBRIMIENTO,SANCIÓN ECONÓMICA
GAGA981126MOXLLJ44,COMETER O TOLERAR CONDUCTAS DE HOSTIGAMIENTO SEXUAL,INDEMNIZACIÓN RESARCITORIA
FLJA800916HDFLRB74,COMETER O TOLERAR CONDUCTAS DE ACOSO SEXUAL,INDEMNIZACIÓN RESARCITORIA
GAGG920404MDFRRA17,DESVÍO DE RECURSOS PÚBLICOS,INHABILITADO
FLGG981223MVZLLA96,CONTRATACIÓN INDEBIDA,OTRO
GAMA771009MVZLRJ46,ENCUBRIMIENTO,SANCIÓN ECONÓMICA
FLVY730405MDFLLZ43,ABUSO DE AUTORIDAD,OTRO
RIFG940317HVZVLV13,TRÁFICO DE INFLUENCIAS,INDEMNIZACIÓN RESARCITORIA
JUVA951111HOXRLB18,VIOLACION PROCEDIMIENTOS DE CONTRATACION,INHABILITADO
MOGG781216MOXRRA47,ENCUBRIMIENTO,"SUSPENSION DE EMPLEO, CARGO O COMISION"
RIGG900828HVZVRV32,COHECHO O EXTORSION,MULTADO
FLMG760513HOXLRV24,CONTRATACIÓN INDEBIDA,OTRO
VIRA701216MVZLVD11,ABUSO DE AUTORIDAD,"SUSPENSION DE EMPLEO, CARGO O COMISION"
JURG770601HDFRVV91,VIOLACION PROCEDIMIENTOS DE CONTRATACION,OTRO
JURA710516MOXRVD20,EJERCICIO INDEBIDO DE SUS FUNCIONES EN MATERIA MIGRATORIA,INHABILITADO
VAVY941105MDFLLZ77,TRÁFICO DE INFLUENCIAS,INHABILITADO
VIGA840403MOXLLA17,TRÁFICO DE INFLUENCIAS,SANCIÓN ECONÓMICA
VAVH900827HOXLLR82,ADMINISTRATIVA GRAVE,OTRO
GAJA710225MOXLRD71,EJERCICIO INDEBIDO DE SUS FUNCIONES EN MATERIA MIGRATORIA,"SUSPENSION DE EMPLEO, CARGO O COMISION"
GAVH741022HDFRLR21,ACTO DE CORRUPCIÓN,INDEMNIZACIÓN RESARCITORIA
CUVA971020MVZVLD34,VIOLACION LEYES Y NORMATIVIDAD PRESUPUESTAL,OTRO
RIJH970512HOXVRR38,ENRIQUECIMIENTO OCULTO U OCULTAMIENTO DE CONFLICTO DE INTERÉS,INHABILITADO
ROMG970115MDFDRA67,COHECHO O EXTORSION,OTRO
GAGH750309HDFLRM33,UTILIZACIÓN INDEBIDA DE INFORMACIÓN,OTRO
MOMG910206MOXRRA20,NEGLIGENCIA ADMINISTRATIVA,MULTADO
MOVG921115MVZRLA37,DESACATO,INHABILITADO
GAMG710326HVZRRV26,ADMINISTRATIVA NO GRAVE,DESTITUCION DEL EMPLEO CARGO O COMISION
FLRY951002MOXLDZ33,ACTUACIÓN BAJO CONFLICTO DE INTERÉS,INDEMNIZACIÓN RESARCITORIA
RIJH930111HDFVRM82,ENRIQUECIMIENTO OCULTO U OCULTAMIENTO DE CONFLICTO DE INTERÉS,MULTADO
MAVY850412MVZRLZ50,INCUMPLIMIENTO EN DECLARACION DE SITUACION PATRIMONIAL,OTRO
GAGG760415HDFLLV70,COMETER O TOLERAR CONDUCTAS DE HOSTIGAMIENTO SEXUAL,SANCIÓN ECONÓMICA
ROCH861224HVZDVR91,COMETER O TOLERAR CONDUCTAS DE ACOSO SEXUAL,OTRO
CURA771025HOXVVB70,ACTUACIÓN BAJO CONFLICTO DE INTERÉS,INHABILITADO
MAJA800310MOXRRJ59,DESVÍO DE RECURSOS PÚBLICOS,DESTITUCION DEL EMPLEO CARGO O COMISION
ROGA970221MDFDLJ31,UTILIZACIÓN INDEBIDA DE INFORMACIÓN,INDEMNIZACIÓN RESARCITORIA
RIMH800205HOXVRM59,ABUSO DE FUNCIONES,MULTADO
VIGA740426MOXLRD14,VIOLACION LEYES Y NORMATIVIDAD PRESUPUESTAL,SANCIÓN ECONÓMICA
VAVG930712MVZLLA12,TRÁFICO DE INFLUENCIAS,MULTADO
MARA820609HOXRDB11,ENRIQUECIMIENTO OCULTO U OCULTAMIENTO DE CONFLICTO DE INTERÉS,OTRO
CURA860524MDFVDD66,ACTUACIÓN BAJO CONFLICTO DE INTERÉS,OTRO
VIVA710718MOXLLD42,CONTRATACIÓN INDEBIDA,SANCIÓN ECONÓMICA
VAVA780127HDFLLB31,CONTRATACIÓN INDEBIDA,INDEMNIZACIÓN RESARCITORIA
ROMY920309MVZDRZ43,DESACATO,DESTITUCION DEL EMPLEO CARGO O COMISION
GARH840612HDFRVR31,COHECHO O EXTORSION,INDEMNIZACIÓN RESARCITORIA
MAVG711113MOXRLA42,ABUSO DE AUTORIDAD,SANCIÓN ECONÓMICA
MOCY770501MDFRVZ52,OTRO,INDEMNIZACIÓN RESARCITORIA
RIGA740606HDFVLB17,ADMINISTRATIVA NO GRAVE,"SUSPENSION DE EMPLEO, CARGO O COMISION"
VIMA920116MOXLRJ24,COHECHO O EXTORSION,SANCIÓN ECONÓMICA
MOJA950109HOXRRB90,OTRO,"SUSPENSION DE EMPLEO, CARGO O COMISION"
FLFY831109MVZLLZ84,VIOLACIÓN A LOS DERECHOS HUMANOS,SANCIÓN ECONÓMICA
CURG820701MOXVVA77,COMETER O TOLERAR CONDUCTAS DE HOSTIGAMIENTO SEXUAL,SANCIÓN ECONÓMICA
GAFT941216MOXRLM50,ENRIQUECIMIENTO OCULTO U OCULTAMIENTO DE CONFLICTO DE INTERÉS,INDEMNIZACIÓN RESARCITORIA
VIRY720627MDFLVZ57,COMETER O TOLERAR CONDUCTAS DE ACOSO SEXUAL,INDEMNIZACIÓN RESARCITORIA
JUPE760728HDFRCM06,ABUSO DE FUNCIONES,"SUSPENSIÓN DEL EMPLEO, CARGO O COMISIÓN"
ROJT880605MOXDRM14,OBSTRUCCIÓN DE LA JUSTICIA,OTRO
MAGA881023HOXRLB40,EJERCICIO INDEBIDO DE SUS FUNCIONES EN MATERIA MIGRATORIA,SANCIÓN ECONÓMICA
VIVA720606MVZLLJ99,OBSTRUCCIÓN DE LA JUSTICIA,"SUSPENSION DE EMPLEO, CARGO O COMISION"
MAGA880721HDFRRB12,PECULADO,DESTITUCION DEL EMPLEO CARGO O COMISION
VAMH930509HVZLRM29,NEGLIGENCIA ADMINISTRATIVA,INDEMNIZACIÓN RESARCITORIA
ROVH780428HOXDLM45,COMETER O TOLERAR CONDUCTAS DE HOSTIGAMIENTO SEXUAL,MULTADO
MOMA981114MDFRRJ43,EJERCICIO INDEBIDO DE SUS FUNCIONES EN MATERIA MIGRATORIA,OTRO
RICA831119MDFVVD14,COMETER O TOLERAR CONDUCTAS DE ACOSO SEXUAL,INHABILITADO
VAVY740702MDFLLZ72,UTILIZACIÓN INDEBIDA DE INFORMACIÓN,OTRO
FLMG710922HVZLRV54,ADMINISTRATIVA NO GRAVE,MULTADO
MAGA961006HDFRLB47,VIOLACION PROCEDIMIENTOS DE CONTRATACION,OTRO
RIRA971106MVZVVJ97,COMETER O TOLERAR CONDUCTAS DE HOSTIGAMIENTO SEXUAL,INDEMNIZACIÓN RESARCITORIA
ROGH791226HOXDLM29,ENRIQUECIMIENTO OCULTO U OCULTAMIENTO DE CONFLICTO DE INTERÉS,DESTITUCION DEL EMPLEO CARGO O COMISION
CUGA940815HOXVLB92,ACTUACIÓN BAJO CONFLICTO DE INTERÉS,OTRO
CURT850823MDFVVM31,OBSTRUCCIÓN DE LA JUSTICIA,MULTADO
CUGA800106MDFVLJ77,ABUSO DE AUTORIDAD,MULTADO
GACA700419MDFLVJ40,CONTRATACIÓN INDEBIDA,SANCIÓN ECONÓMICA
MOGA840814HVZRRB20,OTRO,MULTADO
MOMY821211MOXRRZ62,DELITO COMETIDO POR SERVIDORES PUBLICOS,SANCIÓN ECONÓMICA
ROFG740404HDFDLV56,ABUSO DE AUTORIDAD,MULTADO
ROFA881012HVZDLB22,VIOLACIÓN A LOS DERECHOS HUMANOS,OTRO
VAFG861210HVZLLV10,PECULADO,OTRO
RIFA860415HVZVLB32,COMETER O TOLERAR CONDUCTAS DE HOSTIGAMIENTO SEXUAL,INDEMNIZACIÓN RESARCITORIA
RORG750611MOXDVA86,CONTRATACIÓN INDEBIDA,"SUSPENSION DE EMPLEO, CARGO O COMISION"
FLVG840422HOXLLV88,ABUSO DE AUTORIDAD,"SUSPENSION DE EMPLEO, CARGO O COMISION"
RIGA920703MVZVRJ76,ADMINISTRATIVA GRAVE,SANCIÓN ECONÓMICA
MAFT810306MOXRLM95,UTILIZACIÓN INDEBIDA DE INFORMACIÓN,OTRO
GARH851127HDFRDR23,NEGLIGENCIA ADMINISTRATIVA,INHABILITADO
JUCH810413HDFRVR17,ABUSO DE FUNCIONES,OTRO
MOMY921120MDFRRZ20,COMETER O TOLERAR CONDUCTAS DE HOSTIGAMIENTO SEXUAL,INDEMNIZACIÓN RESARCITORIA
MOJY740924MVZRRZ58,VIOLACIÓN A LOS DERECHOS HUMANOS,"SUSPENSION DE EMPLEO, CARGO O COMISION"
MAGH870621HDFRRR88,VIOLACION PROCEDIMIENTOS DE CONTRATACION,MULTADO
FLJA850822MOXLRD63,ADMINISTRATIVA NO GRAVE,OTRO
MAMY810907MOXRRZ42,ADMINISTRATIVA GRAVE,SANCIÓN ECONÓMICA
MOVT930220MDFRLM72,OTRO,INDEMNIZACIÓN RESARCITORIA
CUVG701126MOXVLA37,EJERCICIO INDEBIDO DE SUS FUNCIONES EN MATERIA MIGRATORIA,DESTITUCION DEL EMPLEO CARGO O COMISION
GAGA710706MVZRRJ40,ABUSO DE FUNCIONES,MULTADO
GAMG820401MDFLRA22,CONTRATACIÓN INDEBIDA,SANCIÓN ECONÓMICA
JUGY881013MDFRLZ55,DELITO COMETIDO POR SERVIDORES PUBLICOS,OTRO
CUMT860608MOXVRM25,INCUMPLIMIENTO EN DECLARACION DE SITUACION PATRIMONIAL,OTRO
VAJA731014MDFLRJ36,UTILIZACIÓN INDEBIDA DE INFORMACIÓN,INDEMNIZACIÓN RESARCITORIA
GARH850410HDFLDM37,VIOLACION LEYES Y NORMATIVIDAD PRESUPUESTAL,DESTITUCION DEL EMPLEO CARGO O COMISION
GAVH780809HDFLLR35,COHECHO O EXTORSION,"SUSPENSION DE EMPLEO, CARGO O COMISION"
VAMA730426HVZLRB23,ENRIQUECIMIENTO OCULTO U OCULTAMIENTO DE CONFLICTO DE INTERÉS,SANCIÓN ECONÓMICA
ROFH830913HOXDLR25,COMETER O TOLERAR CONDUCTAS DE HOSTIGAMIENTO SEXUAL,SANCIÓN ECONÓMICA
CUVA880203MVZVLD50,ADMINISTRATIVA GRAVE,INHABILITADO
RIVT920705MDFVLM38,TRÁFICO DE INFLUENCIAS,INHABILITADO
VIMT710917MDFLRM64,INCUMPLIMIENTO EN DECLARACION DE SITUACION PATRIMONIAL,OTRO
GAJA820211MDFLRJ17,ADMINISTRATIVA NO GRAVE,MULTADO
MOCA971025MOXRVD89,OBSTRUCCIÓN DE LA JUSTICIA,"SUSPENSION DE EMPLEO, CARGO O COMISION"
MAGT711122MOXRLM18,DESACATO,INDEMNIZACIÓN RESARCITORIA
VIMH860816HOXLRM15,OBSTRUCCIÓN DE LA JUSTICIA,INDEMNIZACIÓN RESARCITORIA
GAMT781213MDFRRM81,VIOLACION LEYES Y NORMATIVIDAD PRESUPUESTAL,MULTADO
JUCT971012MDFRVM95,ACTO DE CORRUPCIÓN,DESTITUCION DEL EMPLEO CARGO O COMISION
RIMH700116HVZVRM30,EJERCICIO INDEBIDO DE SUS FUNCIONES EN MATERIA MIGRATORIA,OTRO
RIGG910826HVZVRV87,ACTO DE CORRUPCIÓN,INHABILITADO
JURG750214HOXRDV96,OBSTRUCCIÓN DE LA JUSTICIA,DESTITUCION DEL EMPLEO CARGO O COMISION
JUMA810306HOXRRB84,DESVÍO DE RECURSOS PÚBLICOS,MULTADO
GAJG920926HDFLRV43,DESACATO,OTRO
ROFG800626HDFDLV53,VIOLACIÓN A LOS DERECHOS HUMANOS,INDEMNIZACIÓN RESARCITORIA
GACA790923HOXRVB28,DELITO COMETIDO POR SERVIDORES PUBLICOS,OTRO
JUJT870727MDFRRM19,ADMINISTRATIVA GRAVE,OTRO
GAGH820923HVZRRM17,VIOLACION LEYES Y NORMATIVIDAD PRESUPUESTAL,DESTITUCION DEL EMPLEO CARGO O COMISION
VIRA871205HDFLDB80,UTILIZACIÓN INDEBIDA DE INFORMACIÓN,INDEMNIZACIÓN RESARCITORIA
JURA731122MVZRVD74,OBSTRUCCIÓN DE LA JUSTICIA,MULTADO
JUCA830913HOXRVB89,ACTUACIÓN BAJO CONFLICTO DE INTERÉS,DESTITUCION DEL EMPLEO CARGO O COMISION
MAFA700815HVZRLB86,ENCUBRIMIENTO,INHABILITADO
RIRA850308MVZVDJ20,ACTUACIÓN BAJO CONFLICTO DE INTERÉS,INHABILITADO
ROCT931127MDFDVM44,UTILIZACIÓN INDEBIDA DE INFORMACIÓN,INHABILITADO
MOGH880720HDFRRR79,ACTO DE CORRUPCIÓN,INDEMNIZACIÓN RESARCITORIA
CUMA750513MVZVRJ47,OBSTRUCCIÓN DE LA JUSTICIA,DESTITUCION DEL EMPLEO CARGO O COMISION
CUGA790622MDFVRD50,ABUSO DE FUNCIONES,MULTADO
MARH770227HDFRDR71,COMETER O TOLERAR CONDUCTAS DE HOSTIGAMIENTO SEXUAL,DESTITUCION DEL EMPLEO CARGO O COMISION
CUMY820916MOXVRZ14,VIOLACIÓN A LOS DERECHOS HUMANOS,"SUSPENSION DE EMPLEO, CARGO O COMISION"
VAJA940707HDFLRB35,TRÁFICO DE INFLUENCIAS,MULTADO
VAGH880921HVZLRM39,CONTRATACIÓN INDEBIDA,DESTITUCION DEL EMPLEO CARGO O COMISION
GAVT770916MDFLLM37,OTRO,DESTITUCION DEL EMPLEO CARGO O COMISION
GAMG860114HOXLRV14,ENCUBRIMIENTO,OTRO
FLGA931114MVZLRD58,ADMINISTRATIVA GRAVE,"SUSPENSION DE EMPLEO, CARGO O COMISION"
VAGT950625MOXLRM41,COMETER O TOLERAR CONDUCTAS DE HOSTIGAMIENTO SEXUAL,DESTITUCION DEL EMPLEO CARGO O COMISION
CUMY731218MDFVRZ51,ABUSO DE FUNCIONES,INHABILITADO
VIRY970907MDFLDZ92,ENCUBRIMIENTO,MULTADO
MACA870814MVZRVD71,ACTUACIÓN BAJO CONFLICTO DE INTERÉS,INDEMNIZACIÓN RESARCITORIA
GAGG850106HOXLRV75,ABUSO DE AUTORIDAD,MULTADO
FLFA740403HVZLLB18,ACTUACIÓN BAJO CONFLICTO DE INTERÉS,OTRO
MARG921006HVZRVV62,DELITO COMETIDO POR SERVIDORES PUBLICOS,MULTADO
JUVG970801MOXRLA18,OTRO,INHABILITADO
CUMH890928HDFVRM27,OTRO,SANCIÓN ECONÓMICA
GAFA880121MOXRLD70,PECULADO,INDEMNIZACIÓN RESARCITORIA
CUGT981114MOXVLM57,COHECHO O EXTORSION,"SUSPENSION DE EMPLEO, CARGO O COMISION"
RIJA880309MOXVRJ41,PECULADO,"SUSPENSION DE EMPLEO, CARGO O COMISION"
FLJA950613MDFLRJ27,EJERCICIO INDEBIDO DE SUS FUNCIONES EN MATERIA MIGRATORIA,SANCIÓN ECONÓMICA
GAGT840926MOXLRM33,VIOLACION PROCEDIMIENTOS DE CONTRATACION,INDEMNIZACIÓN RESARCITORIA
GAFT890816MDFLLM80,DESVÍO DE RECURSOS PÚBLICOS,SANCIÓN ECONÓMICA
GAVA830919MDFLLJ10,TRÁFICO DE INFLUENCIAS,INDEMNIZACIÓN RESARCITORIA
GARG990811HOXLDV46,NEGLIGENCIA ADMINISTRATIVA,INHABILITADO
ROCA880411MDFDVJ57,COMETER O TOLERAR CONDUCTAS DE HOSTIGAMIENTO SEXUAL,"SUSPENSION DE EMPLEO, CARGO O COMISION"
MOJH990809HDFRRR40,TRÁFICO DE INFLUENCIAS,INHABILITADO
VACA940423HVZLVB58,VIOLACION PROCEDIMIENTOS DE CONTRATACION,DESTITUCION DEL EMPLEO CARGO O COMISION
JURH981003HDFRVM74,NEGLIGENCIA ADMINISTRATIVA,OTRO
VIGA811021HDFLRB45,DESACATO,DESTITUCION DEL EMPLEO CARGO O COMISION
JUGH930507HVZRRM26,EJERCICIO INDEBIDO DE SUS FUNCIONES EN MATERIA MIGRATORIA,MULTADO
MOJY710513MVZRRZ57,CONTRATACIÓN INDEBIDA,SANCIÓN ECONÓMICA
ROGT800413MOXDLM26,OBSTRUCCIÓN DE LA JUSTICIA,SANCIÓN ECONÓMICA
RIJH830216HVZVRM61,ABUSO DE FUNCIONES,MULTADO
VIMH951003HDFLRR76,DESVÍO DE RECURSOS PÚBLICOS,INHABILITADO
GAMY960316MOXRRZ71,DELITO COMETIDO POR SERVIDORES PUBLICOS,MULTADO
MAMA881227MDFRRD99,DELITO COMETIDO POR SERVIDORES PUBLICOS,INHABILITADO
VAMY710618MDFLRZ40,TRÁFICO DE INFLUENCIAS,OTRO
GAFH901216HOXLLM89,EJERCICIO INDEBIDO DE SUS FUNCIONES EN MATERIA MIGRATORIA,SANCIÓN ECONÓMICA
ROMY871212MDFDRZ49,ADMINISTRATIVA GRAVE,"SUSPENSION DE EMPLEO, CARGO O COMISION"
FLGG870617MDFLRA70,ADMINISTRATIVA GRAVE,SANCIÓN ECONÓMICA
FLMH731116HOXLRR64,PECULADO,INHABILITADO
GAGG810525MOXRLA67,ABUSO DE FUNCIONES,MULTADO
GAMH820416HVZLRM73,VIOLACION PROCEDIMIENTOS DE CONTRATACION,DESTITUCION DEL EMPLEO CARGO O COMISION
VARA931121HVZLVB40,DELITO COMETIDO POR SERVIDORES PUBLICOS,MULTADO
RIGA880510MOXVRD75,EJERCICIO INDEBIDO DE SUS FUNCIONES EN MATERIA MIGRATORIA,MULTADO
JUVA700422MOXRLJ97,OTRO,"SUSPENSION DE EMPLEO, CARGO O COMISION"
GACG701006HVZLVV98,VIOLACIÓN A LOS DERECHOS HUMANOS,OTRO
CURY761015MDFVDZ90,OTRO,SANCIÓN ECONÓMICA
VICG900412HVZLVV81,ABUSO DE AUTORIDAD,INDEMNIZACIÓN RESARCITORIA
MOMA820609HOXRRB99,DELITO COMETIDO POR SERVIDORES PUBLICOS,OTRO
FLJG891210HDFLRV35,OTRO,SANCIÓN ECONÓMICA
FLMG820821HOXLRV17,ADMINISTRATIVA NO GRAVE,MULTADO
GAGA990318MOXLLJ73,ADMINISTRATIVA GRAVE,MULTADO
VAGA781027MDFLRD25,OTRO,DESTITUCION DEL EMPLEO CARGO O COMISION
FLFH891223HDFLLM52,ADMINISTRATIVA NO GRAVE,INDEMNIZACIÓN RESARCITORIA
FLGA820718HDFLRB44,UTILIZACIÓN INDEBIDA DE INFORMACIÓN,INHABILITADO
MAGA710101MDFRRD22,INCUMPLIMIENTO EN DECLARACION DE SITUACION PATRIMONIAL,MULTADO
CUVA720528MOXVLD99,CONTRATACIÓN INDEBIDA,SANCIÓN ECONÓMICA
GAGA761017HVZRLB38,DELITO COMETIDO POR SERVIDORES PUBLICOS,MULTADO
GAVA940315MOXLLJ54,ADMINISTRATIVA GRAVE,DESTITUCION DEL EMPLEO CARGO O COMISION
JUMA990502HOXRRB48,DELITO COMETIDO POR SERVIDORES PUBLICOS,OTRO
RORG810204MOXDVA44,ABUSO DE FUNCIONES,SANCIÓN ECONÓMICA
RIFA791107MOXVLJ94,ENCUBRIMIENTO,OTRO
GAGY700613MVZLRZ25,ABUSO DE FUNCIONES,SANCIÓN ECONÓMICA
MAJH940804HDFRRR92,ADMINISTRATIVA NO GRAVE,SANCIÓN ECONÓMICA
VAFY920207MOXLLZ10,TRÁFICO DE INFLUENCIAS,SANCIÓN ECONÓMICA
MART780517MOXRVM46,ADMINISTRATIVA GRAVE,INDEMNIZACIÓN RESARCITORIA
VAVA780527HVZLLB36,DESACATO,OTRO
VIGA880205MOXLRJ68,VIOLACION LEYES Y NORMATIVIDAD PRESUPUESTAL,DESTITUCION DEL EMPLEO CARGO O COMISION
JUVA970704MOXRLJ12,OTRO,INHABILITADO
MOMH830921HDFRRR37,ABUSO DE AUTORIDAD,"SUSPENSION DE EMPLEO, CARGO O COMISION"
ROVG830709MOXDLA85,DELITO COMETIDO POR SERVIDORES PUBLICOS,OTRO
JUCG910803HOXRVV88,ENCUBRIMIENTO,"SUSPENSION DE EMPLEO, CARGO O COMISION"
MORT971125MOXRDM59,OTRO,DESTITUCION DEL EMPLEO CARGO O COMISION
VIMY961212MOXLRZ64,ADMINISTRATIVA GRAVE,INDEMNIZACIÓN RESARCITORIA
CURH840428HOXVDM46,VIOLACION PROCEDIMIENTOS DE CONTRATACION,DESTITUCION DEL EMPLEO CARGO O COMISION
VIGA921007MOXLLJ99,ENCUBRIMIENTO,MULTADO
GAVH921017HOXLLR98,DESVÍO DE RECURSOS PÚBLICOS,"SUSPENSION DE EMPLEO, CARGO O COMISION"
MORH980821HDFRDR52,VIOLACION PROCEDIMIENTOS DE CONTRATACION,MULTADO
RIMG910310HVZVRV24,ABUSO DE FUNCIONES,"SUSPENSION DE EMPLEO, CARGO O COMISION"
VIRH790515HVZLDM69,EJERCICIO INDEBIDO DE SUS FUNCIONES EN MATERIA MIGRATORIA,INHABILITADO
VIRY880925MVZLDZ92,OBSTRUCCIÓN DE LA JUSTICIA,DESTITUCION DEL EMPLEO CARGO O COMISION
GAGY790807MOXRRZ19,COMETER O TOLERAR CONDUCTAS DE ACOSO SEXUAL,"SUSPENSION DE EMPLEO, CARGO O COMISION"
MAMA700816MDFRRJ90,PECULADO,OTRO
MAMA761003MOXRRD60,ADMINISTRATIVA NO GRAVE,INHABILITADO
GAGG810309HOXRLV77,VIOLACIÓN A LOS DERECHOS HUMANOS,OTRO
GAFG950513HOXRLV58,CONTRATACIÓN INDEBIDA,MULTADO
RIFA830912MOXVLJ33,PECULADO,INDEMNIZACIÓN RESARCITORIA
VIGY861213MOXLLZ58,OTRO,INDEMNIZACIÓN RESARCITORIA
CUCA890307HDFVVB58,PECULADO,DESTITUCION DEL EMPLEO CARGO O COMISION
ROVG831006HDFDLV28,VIOLACIÓN A LOS DERECHOS HUMANOS,MULTADO
FLGH810117HDFLLR99,INCUMPLIMIENTO EN DECLARACION DE SITUACION PATRIMONIAL,MULTADO
MOFA771223HVZRLB57,ENCUBRIMIENTO,OTRO
CUVY910223MVZVLZ50,COMETER O TOLERAR CONDUCTAS DE HOSTIGAMIENTO SEXUAL,INHABILITADO
RORT710616MOXDVM20,ACTUACIÓN BAJO CONFLICTO DE INTERÉS,SANCIÓN ECONÓMICA
VAMG971018HVZLRV15,EJERCICIO INDEBIDO DE SUS FUNCIONES EN MATERIA MIGRATORIA,SANCIÓN ECONÓMICA
GAVA730219HOXLLB61,ADMINISTRATIVA NO GRAVE,INDEMNIZACIÓN RESARCITORIA
JUMH931018HVZRRR79,ADMINISTRATIVA GRAVE,SANCIÓN ECONÓMICA
FLRH790901HOXLVM29,EJERCICIO INDEBIDO DE SUS FUNCIONES EN MATERIA MIGRATORIA,"SUSPENSION DE EMPLEO, CARGO O COMISION"
VIMT720914MVZLRM42,ABUSO DE FUNCIONES,OTRO
CUFA751122MVZVLD38,NEGLIGENCIA ADMINISTRATIVA,"SUSPENSION DE EMPLEO, CARGO O COMISION"
ROVH930328HVZDLM30,OBSTRUCCIÓN DE LA JUSTICIA,SANCIÓN ECONÓMICA
FLGY751218MVZLLZ33,ADMINISTRATIVA NO GRAVE,INHABILITADO
GAMY750909MVZRRZ56,VIOLACION LEYES Y NORMATIVIDAD PRESUPUESTAL,SANCIÓN ECONÓMICA
JUJH801207HDFRRR64,VIOLACIÓN A LOS DERECHOS HUMANOS,DESTITUCION DEL EMPLEO CARGO O COMISION
JURH780106HDFRDR15,EJERCICIO INDEBIDO DE SUS FUNCIONES EN MATERIA MIGRATORIA,INDEMNIZACIÓN RESARCITORIA
RORG810118HVZDVV44,OBSTRUCCIÓN DE LA JUSTICIA,"SUSPENSION DE EMPLEO, CARGO O COMISION"
VACH750415HOXLVR29,ENCUBRIMIENTO,SANCIÓN ECONÓMICA
JUJT950224MOXRRM96,ABUSO DE AUTORIDAD,OTRO
ROFA710105MVZDLJ73,ACTUACIÓN BAJO CONFLICTO DE INTERÉS,SANCIÓN ECONÓMICA
CUFA700817HOXVLB29,COHECHO O EXTORSION,INHABILITADO
VAJG910106MOXLRA25,DELITO COMETIDO POR SERVIDORES PUBLICOS,DESTITUCION DEL EMPLEO CARGO O COMISION
VIVH790901HDFLLR99,COMETER O TOLERAR CONDUCTAS DE ACOSO SEXUAL,"SUSPENSION DE EMPLEO, CARGO O COMISION"
ROMA960215MVZDRJ94,ACTUACIÓN BAJO CONFLICTO DE INTERÉS,"SUSPENSION DE EMPLEO, CARGO O COMISION"
CUVT740219MVZVLM88,NEGLIGENCIA ADMINISTRATIVA,"SUSPENSION DE EMPLEO, CARGO O COMISION"
FLFY890521MOXLLZ57,DELITO COMETIDO POR SERVIDORES PUBLICOS,INDEMNIZACIÓN RESARCITORIA
CUVG900908MDFVLA59,TRÁFICO DE INFLUENCIAS,DESTITUCION DEL EMPLEO CARGO O COMISION
GAVY790406MDFLLZ20,ADMINISTRATIVA GRAVE,"SUSPENSION DE EMPLEO, CARGO O COMISION"
VIMG890506HVZLRV26,PECULADO,OTRO
ROGG890502HOXDRV78,OBSTRUCCIÓN DE LA JUSTICIA,INDEMNIZACIÓN RESARCITORIA
VACG920808MDFLVA81,OTRO,INDEMNIZACIÓN RESARCITORIA
MOMA710209MOXRRD45,CONTRATACIÓN INDEBIDA,MULTADO
VAGA970405MOXLLJ82,VIOLACIÓN A LOS DERECHOS HUMANOS,"SUSPENSION DE EMPLEO, CARGO O COMISION"
RIGG721103MVZVLA79,UTILIZACIÓN INDEBIDA DE INFORMACIÓN,DESTITUCION DEL EMPLEO CARGO O COMISION
JURA790809HVZRDB56,ENRIQUECIMIENTO OCULTO U OCULTAMIENTO DE CONFLICTO DE INTERÉS,DESTITUCION DEL EMPLEO CARGO O COMISION
MOGY821023MDFRRZ33,VIOLACION PROCEDIMIENTOS DE CONTRATACION,INDEMNIZACIÓN RESARCITORIA
MAVA781009MDFRLD79,OTRO,INHABILITADO
VAJH960115HVZLRM32,TRÁFICO DE INFLUENCIAS,MULTADO
VAMH910715HVZLRR48,DESVÍO DE RECURSOS PÚBLICOS,DESTITUCION DEL EMPLEO CARGO O COMISION
MOFH890508HVZRLM79,VIOLACION PROCEDIMIENTOS DE CONTRATACION,INDEMNIZACIÓN RESARCITORIA
FLVH720502HOXLLM42,COMETER O TOLERAR CONDUCTAS DE HOSTIGAMIENTO SEXUAL,SANCIÓN ECONÓMICA
VIVH890908HDFLLR68,UTILIZACIÓN INDEBIDA DE INFORMACIÓN,DESTITUCION DEL EMPLEO CARGO O COMISION
JUVY840908MVZRLZ23,DELITO COMETIDO POR SERVIDORES PUBLICOS,DESTITUCION DEL EMPLEO CARGO O COMISION
GAVG800214MOXRLA78,ABUSO DE FUNCIONES,"SUSPENSION DE EMPLEO, CARGO O COMISION"
JUGY980105MOXRRZ32,OBSTRUCCIÓN DE LA JUSTICIA,INDEMNIZACIÓN RESARCITORIA
VIMG820605MDFLRA73,ACTO DE CORRUPCIÓN,INDEMNIZACIÓN RESARCITORIA
MOMG860917HVZRRV27,INCUMPLIMIENTO EN DECLARACION DE SITUACION PATRIMONIAL,INDEMNIZACIÓN RESARCITORIA
VIMY711216MDFLRZ17,UTILIZACIÓN INDEBIDA DE INFORMACIÓN,"SUSPENSION DE EMPLEO, CARGO O COMISION"
VICH731102HVZLVR67,VIOLACION LEYES Y NORMATIVIDAD PRESUPUESTAL,INDEMNIZACIÓN RESARCITORIA
MOVT721226MVZRLM53,COMETER O TOLERAR CONDUCTAS DE ACOSO SEXUAL,MULTADO
JUCA930621HDFRVB77,COHECHO O EXTORSION,MULTADO
VIRG700726MOXLVA92,INCUMPLIMIENTO EN DECLARACION DE SITUACION PATRIMONIAL,DESTITUCION DEL EMPLEO CARGO O COMISION
RIRY980424MOXVVZ58,TRÁFICO DE INFLUENCIAS,OTRO
VARH901114HOXLVM73,PECULADO,DESTITUCION DEL EMPLEO CARGO O COMISION
FLCH910110HDFLVR73,VIOLACIÓN A LOS DERECHOS HUMANOS,"SUSPENSION DE EMPLEO, CARGO O COMISION"
JUVG930514MOXRLA10,ABUSO DE AUTORIDAD,DESTITUCION DEL EMPLEO CARGO O COMISION
MARA921126MDFRDJ14,VIOLACION PROCEDIMIENTOS DE CONTRATACION,SANCIÓN ECONÓMICA
RIVY760807MOXVLZ99,ACTO DE CORRUPCIÓN,OTRO
GARA710409MDFRDJ50,ACTUACIÓN BAJO CONFLICTO DE INTERÉS,MULTADO
GART780508MDFLVM91,VIOLACIÓN A LOS DERECHOS HUMANOS,"SUSPENSION DE EMPLEO, CARGO O COMISION"
VIMA810824HVZLRB76,ACTUACIÓN BAJO CONFLICTO DE INTERÉS,DESTITUCION DEL EMPLEO CARGO O COMISION
FLGH970528HDFLRR16,COHECHO O EXTORSION,OTRO
RICA830202MDFVVD31,ACTUACIÓN BAJO CONFLICTO DE INTERÉS,OTRO
RIRG701122HVZVDV48,OTRO,INHABILITADO
JUGA790415MDFRLD81,VIOLACION LEYES Y NORMATIVIDAD PRESUPUESTAL,SANCIÓN ECONÓMICA
JUVG700803MOXRLA43,VIOLACIÓN A LOS DERECHOS HUMANOS,INDEMNIZACIÓN RESARCITORIA
GAMH930924HOXRRR96,VIOLACION LEYES Y NORMATIVIDAD PRESUPUESTAL,DESTITUCION DEL EMPLEO CARGO O COMISION
VAVH800208HVZLLR21,ABUSO DE AUTORIDAD,DESTITUCION DEL EMPLEO CARGO O COMISION
VAJT860604MOXLRM92,ACTUACIÓN BAJO CONFLICTO DE INTERÉS,OTRO
MOVG810116MVZRLA76,DESVÍO DE RECURSOS PÚBLICOS,INDEMNIZACIÓN RESARCITORIA
RIJG991007HVZVRV96,VIOLACION LEYES Y NORMATIVIDAD PRESUPUESTAL,SANCIÓN ECONÓMICA
RIGY810519MOXVLZ17,INCUMPLIMIENTO EN DECLARACION DE SITUACION PATRIMONIAL,OTRO
MOGA770821MDFRRD39,OBSTRUCCIÓN DE LA JUSTICIA,SANCIÓN ECONÓMICA
MAJG910625HDFRRV94,UTILIZACIÓN INDEBIDA DE INFORMACIÓN,MULTADO
RIMT760516MVZVRM54,ACTUACIÓN BAJO CONFLICTO DE INTERÉS,MULTADO
VARG980104HOXLVV58,INCUMPLIMIENTO EN DECLARACION DE SITUACION PATRIMONIAL,OTRO
MORA790823HDFRVB63,ADMINISTRATIVA NO GRAVE,DESTITUCION DEL EMPLEO CARGO O COMISION
MAGA971210MOXRLD40,VIOLACIÓN A LOS DERECHOS HUMANOS,OTRO
GART970702MVZRDM78,ADMINISTRATIVA GRAVE,"SUSPENSION DE EMPLEO, CARGO O COMISION"
VIVA981014HOXLLB40,OBSTRUCCIÓN DE LA JUSTICIA,DESTITUCION DEL EMPLEO CARGO O COMISION
RICH720621HVZVVM18,ABUSO DE FUNCIONES,INHABILITADO
JUGG921224MVZRLA12,ACTUACIÓN BAJO CONFLICTO DE INTERÉS,"SUSPENSION DE EMPLEO, CARGO O COMISION"
JUCG870716MDFRVA42,DESACATO,INHABILITADO
VAGA830307HOXLRB47,OBSTRUCCIÓN DE LA JUSTICIA,"SUSPENSION DE EMPLEO, CARGO O COMISION"
ROMA820103MVZDRD73,ENCUBRIMIENTO,INHABILITADO
RORG840616HDFDDV44,VIOLACIÓN A LOS DERECHOS HUMANOS,INDEMNIZACIÓN RESARCITORIA
ROVT920720MVZDLM23,UTILIZACIÓN INDEBIDA DE INFORMACIÓN,INHABILITADO
GAFH860102HVZRLM94,ENCUBRIMIENTO,DESTITUCION DEL EMPLEO CARGO O COMISION
JUMA841006MOXRRD57,PECULADO,MULTADO
MORH810926HVZRDR76,VIOLACION PROCEDIMIENTOS DE CONTRATACION,OTRO
FLJY890317MVZLRZ96,ABUSO DE FUNCIONES,OTRO
RIMG810626MDFVRA85,ABUSO DE FUNCIONES,OTRO
VAJA721126MDFLRJ92,INCUMPLIMIENTO EN DECLARACION DE SITUACION PATRIMONIAL,INDEMNIZACIÓN RESARCITORIA
MAVT881009MOXRLM73,VIOLACIÓN A LOS DERECHOS HUMANOS,MULTADO
VAGT821214MVZLLM86,COHECHO O EXTORSION,INDEMNIZACIÓN RESARCITORIA
GARY800825MDFRDZ75,ENCUBRIMIENTO,INDEMNIZACIÓN RESARCITORIA
MOVH860718HVZRLR71,ACTO DE CORRUPCIÓN,"SUSPENSION DE EMPLEO, CARGO O COMISION"
ROGA811004HOXDLB81,PECULADO,OTRO
CURA730222HOXVDB45,COMETER O TOLERAR CONDUCTAS DE ACOSO SEXUAL,MULTADO
VIMA721001HVZLRB43,CONTRATACIÓN INDEBIDA,DESTITUCION DEL EMPLEO CARGO O COMISION
MOJA841013MDFRRD15,OBSTRUCCIÓN DE LA JUSTICIA,INDEMNIZACIÓN RESARCITORIA
RIMT910428MDFVRM52,ABUSO DE FUNCIONES,MULTADO
